station,station_name,lat,lon,valid(UTC),tmpf,dwpf,sknt,drct,
AMW,Ames,41.990439,-93.618515,2018-03-26 00:00,35,26,10,105,
AMW,Ames,41.990439,-93.618515,2018-03-26 00:01,35,26,9,106,
AMW,Ames,41.990439,-93.618515,2018-03-26 00:02,35,26,11,107,
AMW,Ames,41.990439,-93.618515,2018-03-26 00:03,35,26,12,106,
AMW,Ames,41.990439,-93.618515,2018-03-26 00:04,35,26,12,106,
AMW,Ames,41.990439,-93.618515,2018-03-26 00:05,35,26,11,106,
AMW,Ames,41.990439,-93.618515,2018-03-26 00:06,35,26,10,102,
AMW,Ames,41.990439,-93.618515,2018-03-26 00:07,35,26,10,102,
AMW,Ames,41.990439,-93.618515,2018-03-26 00:08,35,26,11,105,
AMW,Ames,41.990439,-93.618515,2018-03-26 00:09,35,26,11,109,
AMW,Ames,41.990439,-93.618515,2018-03-26 00:10,35,25,10,108,
AMW,Ames,41.990439,-93.618515,2018-03-26 00:11,35,25,11,108,
AMW,Ames,41.990439,-93.618515,2018-03-26 00:12,35,25,11,107,
AMW,Ames,41.990439,-93.618515,2018-03-26 00:13,35,25,10,104,
AMW,Ames,41.990439,-93.618515,2018-03-26 00:14,35,25,10,104,
AMW,Ames,41.990439,-93.618515,2018-03-26 00:15,35,25,10,103,
AMW,Ames,41.990439,-93.618515,2018-03-26 00:16,35,25,10,103,
AMW,Ames,41.990439,-93.618515,2018-03-26 00:17,35,25,10,105,
AMW,Ames,41.990439,-93.618515,2018-03-26 00:18,35,25,10,107,
AMW,Ames,41.990439,-93.618515,2018-03-26 00:19,34,25,10,105,
AMW,Ames,41.990439,-93.618515,2018-03-26 00:20,35,25,10,101,
AMW,Ames,41.990439,-93.618515,2018-03-26 00:21,35,25,9,99,
AMW,Ames,41.990439,-93.618515,2018-03-26 00:22,34,25,9,101,
AMW,Ames,41.990439,-93.618515,2018-03-26 00:23,35,25,9,104,
AMW,Ames,41.990439,-93.618515,2018-03-26 00:24,34,25,10,107,
AMW,Ames,41.990439,-93.618515,2018-03-26 00:25,34,26,9,106,
AMW,Ames,41.990439,-93.618515,2018-03-26 00:26,34,25,10,100,
AMW,Ames,41.990439,-93.618515,2018-03-26 00:27,34,25,10,102,
AMW,Ames,41.990439,-93.618515,2018-03-26 00:28,34,26,9,107,
AMW,Ames,41.990439,-93.618515,2018-03-26 00:29,34,25,10,109,
AMW,Ames,41.990439,-93.618515,2018-03-26 00:30,34,25,9,108,
AMW,Ames,41.990439,-93.618515,2018-03-26 00:31,34,26,9,107,
AMW,Ames,41.990439,-93.618515,2018-03-26 00:32,34,26,9,110,
AMW,Ames,41.990439,-93.618515,2018-03-26 00:33,34,25,9,109,
AMW,Ames,41.990439,-93.618515,2018-03-26 00:34,34,25,9,104,
AMW,Ames,41.990439,-93.618515,2018-03-26 00:35,34,25,10,108,
AMW,Ames,41.990439,-93.618515,2018-03-26 00:36,34,25,11,108,
AMW,Ames,41.990439,-93.618515,2018-03-26 00:37,34,25,11,105,
AMW,Ames,41.990439,-93.618515,2018-03-26 00:38,34,25,11,109,
AMW,Ames,41.990439,-93.618515,2018-03-26 00:39,34,25,11,112,
AMW,Ames,41.990439,-93.618515,2018-03-26 00:40,34,25,10,111,
AMW,Ames,41.990439,-93.618515,2018-03-26 00:41,34,26,9,112,
AMW,Ames,41.990439,-93.618515,2018-03-26 00:42,34,25,11,113,
AMW,Ames,41.990439,-93.618515,2018-03-26 00:43,34,25,11,110,
AMW,Ames,41.990439,-93.618515,2018-03-26 00:44,34,25,11,106,
AMW,Ames,41.990439,-93.618515,2018-03-26 00:45,34,25,11,106,
AMW,Ames,41.990439,-93.618515,2018-03-26 00:46,34,25,10,108,
AMW,Ames,41.990439,-93.618515,2018-03-26 00:47,34,25,10,108,
AMW,Ames,41.990439,-93.618515,2018-03-26 00:48,34,25,9,106,
AMW,Ames,41.990439,-93.618515,2018-03-26 00:49,34,25,9,106,
AMW,Ames,41.990439,-93.618515,2018-03-26 00:50,34,25,10,106,
AMW,Ames,41.990439,-93.618515,2018-03-26 00:51,34,25,10,106,
AMW,Ames,41.990439,-93.618515,2018-03-26 00:52,34,25,10,106,
AMW,Ames,41.990439,-93.618515,2018-03-26 00:53,34,25,10,106,
AMW,Ames,41.990439,-93.618515,2018-03-26 00:54,34,25,10,105,
AMW,Ames,41.990439,-93.618515,2018-03-26 00:55,34,25,11,107,
AMW,Ames,41.990439,-93.618515,2018-03-26 00:56,34,25,10,106,
AMW,Ames,41.990439,-93.618515,2018-03-26 00:57,34,25,9,102,
AMW,Ames,41.990439,-93.618515,2018-03-26 00:58,34,25,9,104,
AMW,Ames,41.990439,-93.618515,2018-03-26 00:59,34,25,10,105,
AMW,Ames,41.990439,-93.618515,2018-03-26 01:00,34,25,10,104,
AMW,Ames,41.990439,-93.618515,2018-03-26 01:01,34,25,8,103,
AMW,Ames,41.990439,-93.618515,2018-03-26 01:02,34,25,9,106,
AMW,Ames,41.990439,-93.618515,2018-03-26 01:03,34,25,10,108,
AMW,Ames,41.990439,-93.618515,2018-03-26 01:04,34,24,10,108,
AMW,Ames,41.990439,-93.618515,2018-03-26 01:05,34,24,10,108,
AMW,Ames,41.990439,-93.618515,2018-03-26 01:06,34,24,9,108,
AMW,Ames,41.990439,-93.618515,2018-03-26 01:07,34,24,9,110,
AMW,Ames,41.990439,-93.618515,2018-03-26 01:08,34,24,9,111,
AMW,Ames,41.990439,-93.618515,2018-03-26 01:09,34,25,8,109,
AMW,Ames,41.990439,-93.618515,2018-03-26 01:10,34,25,9,109,
AMW,Ames,41.990439,-93.618515,2018-03-26 01:11,34,25,9,109,
AMW,Ames,41.990439,-93.618515,2018-03-26 01:12,34,25,8,110,
AMW,Ames,41.990439,-93.618515,2018-03-26 01:13,34,25,8,105,
AMW,Ames,41.990439,-93.618515,2018-03-26 01:14,34,24,9,104,
AMW,Ames,41.990439,-93.618515,2018-03-26 01:15,34,24,10,106,
AMW,Ames,41.990439,-93.618515,2018-03-26 01:16,34,24,9,103,
AMW,Ames,41.990439,-93.618515,2018-03-26 01:17,34,25,8,102,
AMW,Ames,41.990439,-93.618515,2018-03-26 01:18,34,25,9,103,
AMW,Ames,41.990439,-93.618515,2018-03-26 01:19,34,24,9,106,
AMW,Ames,41.990439,-93.618515,2018-03-26 01:20,34,25,10,107,
AMW,Ames,41.990439,-93.618515,2018-03-26 01:21,34,24,11,104,
AMW,Ames,41.990439,-93.618515,2018-03-26 01:22,34,25,10,106,
AMW,Ames,41.990439,-93.618515,2018-03-26 01:23,34,24,10,109,
AMW,Ames,41.990439,-93.618515,2018-03-26 01:24,34,24,10,109,
AMW,Ames,41.990439,-93.618515,2018-03-26 01:25,34,25,10,110,
AMW,Ames,41.990439,-93.618515,2018-03-26 01:26,34,24,10,107,
AMW,Ames,41.990439,-93.618515,2018-03-26 01:27,34,24,10,105,
AMW,Ames,41.990439,-93.618515,2018-03-26 01:28,34,24,10,106,
AMW,Ames,41.990439,-93.618515,2018-03-26 01:29,34,25,9,109,
AMW,Ames,41.990439,-93.618515,2018-03-26 01:30,34,25,9,109,
AMW,Ames,41.990439,-93.618515,2018-03-26 01:31,34,24,9,106,
AMW,Ames,41.990439,-93.618515,2018-03-26 01:32,34,25,10,107,
AMW,Ames,41.990439,-93.618515,2018-03-26 01:33,34,25,10,109,
AMW,Ames,41.990439,-93.618515,2018-03-26 01:34,34,25,9,109,
AMW,Ames,41.990439,-93.618515,2018-03-26 01:35,34,25,9,108,
AMW,Ames,41.990439,-93.618515,2018-03-26 01:36,34,25,9,105,
AMW,Ames,41.990439,-93.618515,2018-03-26 01:37,34,25,9,105,
AMW,Ames,41.990439,-93.618515,2018-03-26 01:38,34,25,8,107,
AMW,Ames,41.990439,-93.618515,2018-03-26 01:39,34,25,8,106,
AMW,Ames,41.990439,-93.618515,2018-03-26 01:40,34,25,8,106,
AMW,Ames,41.990439,-93.618515,2018-03-26 01:41,34,25,8,104,
AMW,Ames,41.990439,-93.618515,2018-03-26 01:42,34,25,8,107,
AMW,Ames,41.990439,-93.618515,2018-03-26 01:43,34,25,8,110,
AMW,Ames,41.990439,-93.618515,2018-03-26 01:44,34,25,8,108,
AMW,Ames,41.990439,-93.618515,2018-03-26 01:45,34,25,8,105,
AMW,Ames,41.990439,-93.618515,2018-03-26 01:46,34,25,8,101,
AMW,Ames,41.990439,-93.618515,2018-03-26 01:47,34,25,7,105,
AMW,Ames,41.990439,-93.618515,2018-03-26 01:48,34,25,8,109,
AMW,Ames,41.990439,-93.618515,2018-03-26 01:49,34,25,8,109,
AMW,Ames,41.990439,-93.618515,2018-03-26 01:50,34,25,8,111,
AMW,Ames,41.990439,-93.618515,2018-03-26 01:51,34,25,7,110,
AMW,Ames,41.990439,-93.618515,2018-03-26 01:52,34,25,8,112,
AMW,Ames,41.990439,-93.618515,2018-03-26 01:53,34,25,9,116,
AMW,Ames,41.990439,-93.618515,2018-03-26 01:54,34,25,9,116,
AMW,Ames,41.990439,-93.618515,2018-03-26 01:55,34,25,8,116,
AMW,Ames,41.990439,-93.618515,2018-03-26 01:56,34,25,8,118,
AMW,Ames,41.990439,-93.618515,2018-03-26 01:57,34,25,8,121,
AMW,Ames,41.990439,-93.618515,2018-03-26 01:58,34,25,7,118,
AMW,Ames,41.990439,-93.618515,2018-03-26 01:59,34,25,7,120,
AMW,Ames,41.990439,-93.618515,2018-03-26 02:00,34,25,7,125,
AMW,Ames,41.990439,-93.618515,2018-03-26 02:01,34,25,7,121,
AMW,Ames,41.990439,-93.618515,2018-03-26 02:02,34,25,8,119,
AMW,Ames,41.990439,-93.618515,2018-03-26 02:03,34,25,9,122,
AMW,Ames,41.990439,-93.618515,2018-03-26 02:04,34,25,10,120,
AMW,Ames,41.990439,-93.618515,2018-03-26 02:05,34,25,8,116,
AMW,Ames,41.990439,-93.618515,2018-03-26 02:06,34,25,8,115,
AMW,Ames,41.990439,-93.618515,2018-03-26 02:07,34,25,9,115,
AMW,Ames,41.990439,-93.618515,2018-03-26 02:08,34,25,9,119,
AMW,Ames,41.990439,-93.618515,2018-03-26 02:09,34,25,9,123,
AMW,Ames,41.990439,-93.618515,2018-03-26 02:10,34,25,9,116,
AMW,Ames,41.990439,-93.618515,2018-03-26 02:11,34,25,8,113,
AMW,Ames,41.990439,-93.618515,2018-03-26 02:12,34,25,8,118,
AMW,Ames,41.990439,-93.618515,2018-03-26 02:13,34,25,9,117,
AMW,Ames,41.990439,-93.618515,2018-03-26 02:14,34,25,11,116,
AMW,Ames,41.990439,-93.618515,2018-03-26 02:15,34,25,11,118,
AMW,Ames,41.990439,-93.618515,2018-03-26 02:16,34,25,11,119,
AMW,Ames,41.990439,-93.618515,2018-03-26 02:17,34,24,11,118,
AMW,Ames,41.990439,-93.618515,2018-03-26 02:18,34,24,10,118,
AMW,Ames,41.990439,-93.618515,2018-03-26 02:19,34,25,11,116,
AMW,Ames,41.990439,-93.618515,2018-03-26 02:20,34,24,11,114,
AMW,Ames,41.990439,-93.618515,2018-03-26 02:21,34,25,10,113,
AMW,Ames,41.990439,-93.618515,2018-03-26 02:22,34,25,10,113,
AMW,Ames,41.990439,-93.618515,2018-03-26 02:23,34,25,11,116,
AMW,Ames,41.990439,-93.618515,2018-03-26 02:24,34,24,11,112,
AMW,Ames,41.990439,-93.618515,2018-03-26 02:25,34,24,10,109,
AMW,Ames,41.990439,-93.618515,2018-03-26 02:26,34,25,11,113,
AMW,Ames,41.990439,-93.618515,2018-03-26 02:27,35,24,11,116,
AMW,Ames,41.990439,-93.618515,2018-03-26 02:28,34,25,11,113,
AMW,Ames,41.990439,-93.618515,2018-03-26 02:29,34,25,10,109,
AMW,Ames,41.990439,-93.618515,2018-03-26 02:30,34,24,10,111,
AMW,Ames,41.990439,-93.618515,2018-03-26 02:31,34,25,9,111,
AMW,Ames,41.990439,-93.618515,2018-03-26 02:32,34,25,8,111,
AMW,Ames,41.990439,-93.618515,2018-03-26 02:33,34,25,8,112,
AMW,Ames,41.990439,-93.618515,2018-03-26 02:34,34,25,9,110,
AMW,Ames,41.990439,-93.618515,2018-03-26 02:35,34,24,8,105,
AMW,Ames,41.990439,-93.618515,2018-03-26 02:36,34,24,9,106,
AMW,Ames,41.990439,-93.618515,2018-03-26 02:37,34,24,9,108,
AMW,Ames,41.990439,-93.618515,2018-03-26 02:38,34,24,9,110,
AMW,Ames,41.990439,-93.618515,2018-03-26 02:39,34,24,8,112,
AMW,Ames,41.990439,-93.618515,2018-03-26 02:40,34,25,8,110,
AMW,Ames,41.990439,-93.618515,2018-03-26 02:41,34,25,8,111,
AMW,Ames,41.990439,-93.618515,2018-03-26 02:42,34,25,8,113,
AMW,Ames,41.990439,-93.618515,2018-03-26 02:43,34,24,8,112,
AMW,Ames,41.990439,-93.618515,2018-03-26 02:44,34,25,8,116,
AMW,Ames,41.990439,-93.618515,2018-03-26 02:45,34,24,8,117,
AMW,Ames,41.990439,-93.618515,2018-03-26 02:46,34,25,7,115,
AMW,Ames,41.990439,-93.618515,2018-03-26 02:47,34,25,8,117,
AMW,Ames,41.990439,-93.618515,2018-03-26 02:48,34,24,8,115,
AMW,Ames,41.990439,-93.618515,2018-03-26 02:49,34,25,8,115,
AMW,Ames,41.990439,-93.618515,2018-03-26 02:50,34,25,8,117,
AMW,Ames,41.990439,-93.618515,2018-03-26 02:51,34,25,9,115,
AMW,Ames,41.990439,-93.618515,2018-03-26 02:52,34,25,9,117,
AMW,Ames,41.990439,-93.618515,2018-03-26 02:53,34,25,8,118,
AMW,Ames,41.990439,-93.618515,2018-03-26 02:54,34,25,7,119,
AMW,Ames,41.990439,-93.618515,2018-03-26 02:55,34,25,8,121,
AMW,Ames,41.990439,-93.618515,2018-03-26 02:56,34,25,8,122,
AMW,Ames,41.990439,-93.618515,2018-03-26 02:57,34,24,8,124,
AMW,Ames,41.990439,-93.618515,2018-03-26 02:58,34,25,9,126,
AMW,Ames,41.990439,-93.618515,2018-03-26 02:59,34,24,10,127,
AMW,Ames,41.990439,-93.618515,2018-03-26 03:00,34,24,10,126,
AMW,Ames,41.990439,-93.618515,2018-03-26 03:01,34,24,10,126,
AMW,Ames,41.990439,-93.618515,2018-03-26 03:02,34,25,10,126,
AMW,Ames,41.990439,-93.618515,2018-03-26 03:03,34,25,10,127,
AMW,Ames,41.990439,-93.618515,2018-03-26 03:04,34,25,9,126,
AMW,Ames,41.990439,-93.618515,2018-03-26 03:05,34,25,9,123,
AMW,Ames,41.990439,-93.618515,2018-03-26 03:06,34,25,10,123,
AMW,Ames,41.990439,-93.618515,2018-03-26 03:07,34,24,11,124,
AMW,Ames,41.990439,-93.618515,2018-03-26 03:08,34,24,11,125,
AMW,Ames,41.990439,-93.618515,2018-03-26 03:09,34,25,12,125,
AMW,Ames,41.990439,-93.618515,2018-03-26 03:10,34,24,12,125,
AMW,Ames,41.990439,-93.618515,2018-03-26 03:11,34,25,10,123,
AMW,Ames,41.990439,-93.618515,2018-03-26 03:12,34,25,11,124,
AMW,Ames,41.990439,-93.618515,2018-03-26 03:13,34,24,12,124,
AMW,Ames,41.990439,-93.618515,2018-03-26 03:14,34,25,12,122,
AMW,Ames,41.990439,-93.618515,2018-03-26 03:15,34,25,11,122,
AMW,Ames,41.990439,-93.618515,2018-03-26 03:16,34,25,11,124,
AMW,Ames,41.990439,-93.618515,2018-03-26 03:17,34,25,12,125,
AMW,Ames,41.990439,-93.618515,2018-03-26 03:18,34,25,11,124,
AMW,Ames,41.990439,-93.618515,2018-03-26 03:19,34,25,11,126,
AMW,Ames,41.990439,-93.618515,2018-03-26 03:20,34,25,11,124,
AMW,Ames,41.990439,-93.618515,2018-03-26 03:21,34,25,10,120,
AMW,Ames,41.990439,-93.618515,2018-03-26 03:22,34,25,11,120,
AMW,Ames,41.990439,-93.618515,2018-03-26 03:23,34,25,11,123,
AMW,Ames,41.990439,-93.618515,2018-03-26 03:24,34,25,11,124,
AMW,Ames,41.990439,-93.618515,2018-03-26 03:25,34,25,12,123,
AMW,Ames,41.990439,-93.618515,2018-03-26 03:26,34,25,13,126,
AMW,Ames,41.990439,-93.618515,2018-03-26 03:27,34,25,12,127,
AMW,Ames,41.990439,-93.618515,2018-03-26 03:28,34,25,10,124,
AMW,Ames,41.990439,-93.618515,2018-03-26 03:29,34,25,10,123,
AMW,Ames,41.990439,-93.618515,2018-03-26 03:30,34,25,10,121,
AMW,Ames,41.990439,-93.618515,2018-03-26 03:31,34,25,11,126,
AMW,Ames,41.990439,-93.618515,2018-03-26 03:32,34,25,11,130,
AMW,Ames,41.990439,-93.618515,2018-03-26 03:33,34,25,10,129,
AMW,Ames,41.990439,-93.618515,2018-03-26 03:34,34,25,9,129,
AMW,Ames,41.990439,-93.618515,2018-03-26 03:35,34,25,9,128,
AMW,Ames,41.990439,-93.618515,2018-03-26 03:36,35,25,11,126,
AMW,Ames,41.990439,-93.618515,2018-03-26 03:37,34,25,10,124,
AMW,Ames,41.990439,-93.618515,2018-03-26 03:38,34,25,8,127,
AMW,Ames,41.990439,-93.618515,2018-03-26 03:39,34,25,9,127,
AMW,Ames,41.990439,-93.618515,2018-03-26 03:40,34,25,10,123,
AMW,Ames,41.990439,-93.618515,2018-03-26 03:41,34,25,11,123,
AMW,Ames,41.990439,-93.618515,2018-03-26 03:42,34,25,11,125,
AMW,Ames,41.990439,-93.618515,2018-03-26 03:43,34,25,10,127,
AMW,Ames,41.990439,-93.618515,2018-03-26 03:44,34,25,10,130,
AMW,Ames,41.990439,-93.618515,2018-03-26 03:45,35,25,12,131,
AMW,Ames,41.990439,-93.618515,2018-03-26 03:46,34,25,11,132,
AMW,Ames,41.990439,-93.618515,2018-03-26 03:47,34,25,10,131,
AMW,Ames,41.990439,-93.618515,2018-03-26 03:48,34,25,11,129,
AMW,Ames,41.990439,-93.618515,2018-03-26 03:49,34,25,11,129,
AMW,Ames,41.990439,-93.618515,2018-03-26 03:50,34,25,10,127,
AMW,Ames,41.990439,-93.618515,2018-03-26 03:51,34,25,11,126,
AMW,Ames,41.990439,-93.618515,2018-03-26 03:52,34,25,11,129,
AMW,Ames,41.990439,-93.618515,2018-03-26 03:53,35,25,11,130,
AMW,Ames,41.990439,-93.618515,2018-03-26 03:54,35,25,12,129,
AMW,Ames,41.990439,-93.618515,2018-03-26 03:55,35,25,11,126,
AMW,Ames,41.990439,-93.618515,2018-03-26 03:56,35,25,10,128,
AMW,Ames,41.990439,-93.618515,2018-03-26 03:57,34,25,10,127,
AMW,Ames,41.990439,-93.618515,2018-03-26 03:58,34,25,10,128,
AMW,Ames,41.990439,-93.618515,2018-03-26 03:59,34,25,11,130,
AMW,Ames,41.990439,-93.618515,2018-03-26 04:00,34,25,9,130,
AMW,Ames,41.990439,-93.618515,2018-03-26 04:01,34,25,9,132,
AMW,Ames,41.990439,-93.618515,2018-03-26 04:02,34,25,9,134,
AMW,Ames,41.990439,-93.618515,2018-03-26 04:03,34,25,9,130,
AMW,Ames,41.990439,-93.618515,2018-03-26 04:04,34,25,10,129,
AMW,Ames,41.990439,-93.618515,2018-03-26 04:05,35,25,9,130,
AMW,Ames,41.990439,-93.618515,2018-03-26 04:06,34,25,8,126,
AMW,Ames,41.990439,-93.618515,2018-03-26 04:07,34,25,9,126,
AMW,Ames,41.990439,-93.618515,2018-03-26 04:08,35,25,11,129,
AMW,Ames,41.990439,-93.618515,2018-03-26 04:09,34,25,10,133,
AMW,Ames,41.990439,-93.618515,2018-03-26 04:10,34,25,9,133,
AMW,Ames,41.990439,-93.618515,2018-03-26 04:11,34,25,9,130,
AMW,Ames,41.990439,-93.618515,2018-03-26 04:12,34,25,9,129,
AMW,Ames,41.990439,-93.618515,2018-03-26 04:13,35,25,8,129,
AMW,Ames,41.990439,-93.618515,2018-03-26 04:14,35,25,9,129,
AMW,Ames,41.990439,-93.618515,2018-03-26 04:15,35,25,10,129,
AMW,Ames,41.990439,-93.618515,2018-03-26 04:16,34,25,9,129,
AMW,Ames,41.990439,-93.618515,2018-03-26 04:17,34,25,9,130,
AMW,Ames,41.990439,-93.618515,2018-03-26 04:18,34,25,8,133,
AMW,Ames,41.990439,-93.618515,2018-03-26 04:19,34,25,8,137,
AMW,Ames,41.990439,-93.618515,2018-03-26 04:20,34,25,9,135,
AMW,Ames,41.990439,-93.618515,2018-03-26 04:21,34,25,9,133,
AMW,Ames,41.990439,-93.618515,2018-03-26 04:22,35,25,10,135,
AMW,Ames,41.990439,-93.618515,2018-03-26 04:23,35,25,11,133,
AMW,Ames,41.990439,-93.618515,2018-03-26 04:24,35,25,12,135,
AMW,Ames,41.990439,-93.618515,2018-03-26 04:25,35,25,11,136,
AMW,Ames,41.990439,-93.618515,2018-03-26 04:26,35,25,10,134,
AMW,Ames,41.990439,-93.618515,2018-03-26 04:27,35,25,12,134,
AMW,Ames,41.990439,-93.618515,2018-03-26 04:28,35,25,10,134,
AMW,Ames,41.990439,-93.618515,2018-03-26 04:29,35,25,9,134,
AMW,Ames,41.990439,-93.618515,2018-03-26 04:30,35,25,12,136,
AMW,Ames,41.990439,-93.618515,2018-03-26 04:31,35,25,12,136,
AMW,Ames,41.990439,-93.618515,2018-03-26 04:32,35,25,11,132,
AMW,Ames,41.990439,-93.618515,2018-03-26 04:33,35,25,12,133,
AMW,Ames,41.990439,-93.618515,2018-03-26 04:34,35,25,12,133,
AMW,Ames,41.990439,-93.618515,2018-03-26 04:35,35,25,11,133,
AMW,Ames,41.990439,-93.618515,2018-03-26 04:36,35,25,10,132,
AMW,Ames,41.990439,-93.618515,2018-03-26 04:37,35,25,10,132,
AMW,Ames,41.990439,-93.618515,2018-03-26 04:38,35,25,10,133,
AMW,Ames,41.990439,-93.618515,2018-03-26 04:39,35,25,11,130,
AMW,Ames,41.990439,-93.618515,2018-03-26 04:40,35,25,12,128,
AMW,Ames,41.990439,-93.618515,2018-03-26 04:41,35,25,10,129,
AMW,Ames,41.990439,-93.618515,2018-03-26 04:42,35,25,10,127,
AMW,Ames,41.990439,-93.618515,2018-03-26 04:43,35,25,10,125,
AMW,Ames,41.990439,-93.618515,2018-03-26 04:44,35,25,11,124,
AMW,Ames,41.990439,-93.618515,2018-03-26 04:45,35,25,11,124,
AMW,Ames,41.990439,-93.618515,2018-03-26 04:46,35,25,10,127,
AMW,Ames,41.990439,-93.618515,2018-03-26 04:47,35,25,11,128,
AMW,Ames,41.990439,-93.618515,2018-03-26 04:48,35,25,11,129,
AMW,Ames,41.990439,-93.618515,2018-03-26 04:49,35,25,10,126,
AMW,Ames,41.990439,-93.618515,2018-03-26 04:50,35,25,11,126,
AMW,Ames,41.990439,-93.618515,2018-03-26 04:51,35,25,11,127,
AMW,Ames,41.990439,-93.618515,2018-03-26 04:52,35,25,10,121,
AMW,Ames,41.990439,-93.618515,2018-03-26 04:53,35,25,10,122,
AMW,Ames,41.990439,-93.618515,2018-03-26 04:54,35,25,11,124,
AMW,Ames,41.990439,-93.618515,2018-03-26 04:55,35,25,10,124,
AMW,Ames,41.990439,-93.618515,2018-03-26 04:56,35,25,9,126,
AMW,Ames,41.990439,-93.618515,2018-03-26 04:57,35,25,10,123,
AMW,Ames,41.990439,-93.618515,2018-03-26 04:58,35,25,10,121,
AMW,Ames,41.990439,-93.618515,2018-03-26 04:59,35,25,9,123,
AMW,Ames,41.990439,-93.618515,2018-03-26 05:00,35,25,10,122,
AMW,Ames,41.990439,-93.618515,2018-03-26 05:01,35,25,11,122,
AMW,Ames,41.990439,-93.618515,2018-03-26 05:02,35,25,11,123,
AMW,Ames,41.990439,-93.618515,2018-03-26 05:03,35,25,10,122,
AMW,Ames,41.990439,-93.618515,2018-03-26 05:04,35,25,11,123,
AMW,Ames,41.990439,-93.618515,2018-03-26 05:05,35,25,10,124,
AMW,Ames,41.990439,-93.618515,2018-03-26 05:06,35,25,10,126,
AMW,Ames,41.990439,-93.618515,2018-03-26 05:07,35,25,10,125,
AMW,Ames,41.990439,-93.618515,2018-03-26 05:08,35,25,10,122,
AMW,Ames,41.990439,-93.618515,2018-03-26 05:09,35,24,10,125,
AMW,Ames,41.990439,-93.618515,2018-03-26 05:10,35,25,9,125,
AMW,Ames,41.990439,-93.618515,2018-03-26 05:11,34,25,9,126,
AMW,Ames,41.990439,-93.618515,2018-03-26 05:12,35,25,10,127,
AMW,Ames,41.990439,-93.618515,2018-03-26 05:13,35,24,11,124,
AMW,Ames,41.990439,-93.618515,2018-03-26 05:14,35,24,10,124,
AMW,Ames,41.990439,-93.618515,2018-03-26 05:15,35,25,10,125,
AMW,Ames,41.990439,-93.618515,2018-03-26 05:16,35,24,11,128,
AMW,Ames,41.990439,-93.618515,2018-03-26 05:17,35,24,10,129,
AMW,Ames,41.990439,-93.618515,2018-03-26 05:18,34,25,10,128,
AMW,Ames,41.990439,-93.618515,2018-03-26 05:19,35,24,9,128,
AMW,Ames,41.990439,-93.618515,2018-03-26 05:20,35,24,9,128,
AMW,Ames,41.990439,-93.618515,2018-03-26 05:21,35,24,9,126,
AMW,Ames,41.990439,-93.618515,2018-03-26 05:22,35,24,10,128,
AMW,Ames,41.990439,-93.618515,2018-03-26 05:23,35,24,10,131,
AMW,Ames,41.990439,-93.618515,2018-03-26 05:24,35,24,10,131,
AMW,Ames,41.990439,-93.618515,2018-03-26 05:25,35,24,9,133,
AMW,Ames,41.990439,-93.618515,2018-03-26 05:26,34,25,9,136,
AMW,Ames,41.990439,-93.618515,2018-03-26 05:27,34,25,10,135,
AMW,Ames,41.990439,-93.618515,2018-03-26 05:28,35,24,11,134,
AMW,Ames,41.990439,-93.618515,2018-03-26 05:29,35,25,10,133,
AMW,Ames,41.990439,-93.618515,2018-03-26 05:30,34,25,10,135,
AMW,Ames,41.990439,-93.618515,2018-03-26 05:31,34,25,9,137,
AMW,Ames,41.990439,-93.618515,2018-03-26 05:32,34,25,8,135,
AMW,Ames,41.990439,-93.618515,2018-03-26 05:33,35,25,9,135,
AMW,Ames,41.990439,-93.618515,2018-03-26 05:34,34,25,10,137,
AMW,Ames,41.990439,-93.618515,2018-03-26 05:35,34,25,9,137,
AMW,Ames,41.990439,-93.618515,2018-03-26 05:36,35,25,10,136,
AMW,Ames,41.990439,-93.618515,2018-03-26 05:37,35,25,10,137,
AMW,Ames,41.990439,-93.618515,2018-03-26 05:38,35,25,10,135,
AMW,Ames,41.990439,-93.618515,2018-03-26 05:39,35,25,10,133,
AMW,Ames,41.990439,-93.618515,2018-03-26 05:40,35,25,10,135,
AMW,Ames,41.990439,-93.618515,2018-03-26 05:41,35,25,10,135,
AMW,Ames,41.990439,-93.618515,2018-03-26 05:42,35,25,9,133,
AMW,Ames,41.990439,-93.618515,2018-03-26 05:43,35,25,10,134,
AMW,Ames,41.990439,-93.618515,2018-03-26 05:44,35,25,10,133,
AMW,Ames,41.990439,-93.618515,2018-03-26 05:45,35,25,10,128,
AMW,Ames,41.990439,-93.618515,2018-03-26 05:46,35,25,10,125,
AMW,Ames,41.990439,-93.618515,2018-03-26 05:47,35,25,11,127,
AMW,Ames,41.990439,-93.618515,2018-03-26 05:48,35,25,10,127,
AMW,Ames,41.990439,-93.618515,2018-03-26 05:49,35,25,10,125,
AMW,Ames,41.990439,-93.618515,2018-03-26 05:50,35,24,10,127,
AMW,Ames,41.990439,-93.618515,2018-03-26 05:51,35,25,11,126,
AMW,Ames,41.990439,-93.618515,2018-03-26 05:52,35,24,12,123,
AMW,Ames,41.990439,-93.618515,2018-03-26 05:53,35,24,11,126,
AMW,Ames,41.990439,-93.618515,2018-03-26 05:54,35,25,9,126,
AMW,Ames,41.990439,-93.618515,2018-03-26 05:55,35,25,9,125,
AMW,Ames,41.990439,-93.618515,2018-03-26 05:56,35,25,9,128,
AMW,Ames,41.990439,-93.618515,2018-03-26 05:57,35,25,10,129,
AMW,Ames,41.990439,-93.618515,2018-03-26 05:58,35,25,10,128,
AMW,Ames,41.990439,-93.618515,2018-03-26 05:59,35,25,10,130,
AMW,Ames,41.990439,-93.618515,2018-03-26 06:00,35,25,10,131,
AMW,Ames,41.990439,-93.618515,2018-03-26 06:01,35,25,11,130,
AMW,Ames,41.990439,-93.618515,2018-03-26 06:02,35,25,10,128,
AMW,Ames,41.990439,-93.618515,2018-03-26 06:03,35,25,9,127,
AMW,Ames,41.990439,-93.618515,2018-03-26 06:04,35,25,9,126,
AMW,Ames,41.990439,-93.618515,2018-03-26 06:05,35,25,10,125,
AMW,Ames,41.990439,-93.618515,2018-03-26 06:06,35,25,10,126,
AMW,Ames,41.990439,-93.618515,2018-03-26 06:07,35,25,10,126,
AMW,Ames,41.990439,-93.618515,2018-03-26 06:08,35,25,10,126,
AMW,Ames,41.990439,-93.618515,2018-03-26 06:09,35,25,11,127,
AMW,Ames,41.990439,-93.618515,2018-03-26 06:10,35,25,10,123,
AMW,Ames,41.990439,-93.618515,2018-03-26 06:11,35,25,9,123,
AMW,Ames,41.990439,-93.618515,2018-03-26 06:12,35,25,10,126,
AMW,Ames,41.990439,-93.618515,2018-03-26 06:13,35,25,10,127,
AMW,Ames,41.990439,-93.618515,2018-03-26 06:14,35,25,10,124,
AMW,Ames,41.990439,-93.618515,2018-03-26 06:15,35,25,9,123,
AMW,Ames,41.990439,-93.618515,2018-03-26 06:16,35,25,10,127,
AMW,Ames,41.990439,-93.618515,2018-03-26 06:17,35,25,9,128,
AMW,Ames,41.990439,-93.618515,2018-03-26 06:18,35,25,9,127,
AMW,Ames,41.990439,-93.618515,2018-03-26 06:19,35,25,10,126,
AMW,Ames,41.990439,-93.618515,2018-03-26 06:20,35,25,9,124,
AMW,Ames,41.990439,-93.618515,2018-03-26 06:21,35,25,10,120,
AMW,Ames,41.990439,-93.618515,2018-03-26 06:22,35,25,11,123,
AMW,Ames,41.990439,-93.618515,2018-03-26 06:23,35,24,10,122,
AMW,Ames,41.990439,-93.618515,2018-03-26 06:24,35,25,8,120,
AMW,Ames,41.990439,-93.618515,2018-03-26 06:25,35,25,8,120,
AMW,Ames,41.990439,-93.618515,2018-03-26 06:26,35,25,9,118,
AMW,Ames,41.990439,-93.618515,2018-03-26 06:27,35,25,9,114,
AMW,Ames,41.990439,-93.618515,2018-03-26 06:28,35,25,7,112,
AMW,Ames,41.990439,-93.618515,2018-03-26 06:29,35,25,7,117,
AMW,Ames,41.990439,-93.618515,2018-03-26 06:30,35,25,9,118,
AMW,Ames,41.990439,-93.618515,2018-03-26 06:31,35,25,9,117,
AMW,Ames,41.990439,-93.618515,2018-03-26 06:32,35,25,8,113,
AMW,Ames,41.990439,-93.618515,2018-03-26 06:33,35,25,9,115,
AMW,Ames,41.990439,-93.618515,2018-03-26 06:34,35,25,8,114,
AMW,Ames,41.990439,-93.618515,2018-03-26 06:35,35,25,7,110,
AMW,Ames,41.990439,-93.618515,2018-03-26 06:36,35,25,7,110,
AMW,Ames,41.990439,-93.618515,2018-03-26 06:37,35,25,8,109,
AMW,Ames,41.990439,-93.618515,2018-03-26 06:38,35,25,9,107,
AMW,Ames,41.990439,-93.618515,2018-03-26 06:39,35,25,9,106,
AMW,Ames,41.990439,-93.618515,2018-03-26 06:40,35,25,8,109,
AMW,Ames,41.990439,-93.618515,2018-03-26 06:41,35,25,8,111,
AMW,Ames,41.990439,-93.618515,2018-03-26 06:42,35,25,9,109,
AMW,Ames,41.990439,-93.618515,2018-03-26 06:43,35,25,9,112,
AMW,Ames,41.990439,-93.618515,2018-03-26 06:44,35,25,9,116,
AMW,Ames,41.990439,-93.618515,2018-03-26 06:45,35,25,10,117,
AMW,Ames,41.990439,-93.618515,2018-03-26 06:46,35,25,11,119,
AMW,Ames,41.990439,-93.618515,2018-03-26 06:47,35,25,11,118,
AMW,Ames,41.990439,-93.618515,2018-03-26 06:48,35,25,11,118,
AMW,Ames,41.990439,-93.618515,2018-03-26 06:49,35,25,10,120,
AMW,Ames,41.990439,-93.618515,2018-03-26 06:50,35,25,9,117,
AMW,Ames,41.990439,-93.618515,2018-03-26 06:51,35,25,10,115,
AMW,Ames,41.990439,-93.618515,2018-03-26 06:52,35,25,10,120,
AMW,Ames,41.990439,-93.618515,2018-03-26 06:53,35,25,10,124,
AMW,Ames,41.990439,-93.618515,2018-03-26 06:54,35,25,10,119,
AMW,Ames,41.990439,-93.618515,2018-03-26 06:55,35,25,9,115,
AMW,Ames,41.990439,-93.618515,2018-03-26 06:56,35,25,8,119,
AMW,Ames,41.990439,-93.618515,2018-03-26 06:57,35,25,8,119,
AMW,Ames,41.990439,-93.618515,2018-03-26 06:58,35,25,9,118,
AMW,Ames,41.990439,-93.618515,2018-03-26 06:59,35,25,9,118,
AMW,Ames,41.990439,-93.618515,2018-03-26 07:00,35,25,9,118,
AMW,Ames,41.990439,-93.618515,2018-03-26 07:01,35,25,10,119,
AMW,Ames,41.990439,-93.618515,2018-03-26 07:02,35,25,11,122,
AMW,Ames,41.990439,-93.618515,2018-03-26 07:03,35,25,10,121,
AMW,Ames,41.990439,-93.618515,2018-03-26 07:04,35,25,10,121,
AMW,Ames,41.990439,-93.618515,2018-03-26 07:05,35,25,11,123,
AMW,Ames,41.990439,-93.618515,2018-03-26 07:06,35,25,10,120,
AMW,Ames,41.990439,-93.618515,2018-03-26 07:07,35,25,10,120,
AMW,Ames,41.990439,-93.618515,2018-03-26 07:08,35,25,10,122,
AMW,Ames,41.990439,-93.618515,2018-03-26 07:09,35,25,10,123,
AMW,Ames,41.990439,-93.618515,2018-03-26 07:10,35,25,10,123,
AMW,Ames,41.990439,-93.618515,2018-03-26 07:11,35,25,10,122,
AMW,Ames,41.990439,-93.618515,2018-03-26 07:12,35,25,10,124,
AMW,Ames,41.990439,-93.618515,2018-03-26 07:13,35,25,11,123,
AMW,Ames,41.990439,-93.618515,2018-03-26 07:14,35,25,10,118,
AMW,Ames,41.990439,-93.618515,2018-03-26 07:15,35,25,11,121,
AMW,Ames,41.990439,-93.618515,2018-03-26 07:16,35,25,10,127,
AMW,Ames,41.990439,-93.618515,2018-03-26 07:17,35,25,9,126,
AMW,Ames,41.990439,-93.618515,2018-03-26 07:18,35,25,9,122,
AMW,Ames,41.990439,-93.618515,2018-03-26 07:19,35,25,9,127,
AMW,Ames,41.990439,-93.618515,2018-03-26 07:20,35,25,8,129,
AMW,Ames,41.990439,-93.618515,2018-03-26 07:21,35,25,9,126,
AMW,Ames,41.990439,-93.618515,2018-03-26 07:22,35,25,9,126,
AMW,Ames,41.990439,-93.618515,2018-03-26 07:23,35,25,9,126,
AMW,Ames,41.990439,-93.618515,2018-03-26 07:24,35,25,10,122,
AMW,Ames,41.990439,-93.618515,2018-03-26 07:25,34,25,9,123,
AMW,Ames,41.990439,-93.618515,2018-03-26 07:26,35,25,9,127,
AMW,Ames,41.990439,-93.618515,2018-03-26 07:27,34,25,9,126,
AMW,Ames,41.990439,-93.618515,2018-03-26 07:28,35,25,9,124,
AMW,Ames,41.990439,-93.618515,2018-03-26 07:29,35,25,9,124,
AMW,Ames,41.990439,-93.618515,2018-03-26 07:30,35,25,8,126,
AMW,Ames,41.990439,-93.618515,2018-03-26 07:31,35,25,9,126,
AMW,Ames,41.990439,-93.618515,2018-03-26 07:32,35,25,10,126,
AMW,Ames,41.990439,-93.618515,2018-03-26 07:33,35,25,9,125,
AMW,Ames,41.990439,-93.618515,2018-03-26 07:34,35,25,10,122,
AMW,Ames,41.990439,-93.618515,2018-03-26 07:35,35,25,11,126,
AMW,Ames,41.990439,-93.618515,2018-03-26 07:36,35,25,11,121,
AMW,Ames,41.990439,-93.618515,2018-03-26 07:37,34,25,10,116,
AMW,Ames,41.990439,-93.618515,2018-03-26 07:38,35,25,9,119,
AMW,Ames,41.990439,-93.618515,2018-03-26 07:39,34,25,8,119,
AMW,Ames,41.990439,-93.618515,2018-03-26 07:40,34,25,8,121,
AMW,Ames,41.990439,-93.618515,2018-03-26 07:41,34,25,7,119,
AMW,Ames,41.990439,-93.618515,2018-03-26 07:42,34,25,7,119,
AMW,Ames,41.990439,-93.618515,2018-03-26 07:43,34,25,7,120,
AMW,Ames,41.990439,-93.618515,2018-03-26 07:44,34,25,8,118,
AMW,Ames,41.990439,-93.618515,2018-03-26 07:45,34,25,8,115,
AMW,Ames,41.990439,-93.618515,2018-03-26 07:46,34,25,7,109,
AMW,Ames,41.990439,-93.618515,2018-03-26 07:47,34,25,6,108,
AMW,Ames,41.990439,-93.618515,2018-03-26 07:48,34,25,5,111,
AMW,Ames,41.990439,-93.618515,2018-03-26 07:49,34,26,5,111,
AMW,Ames,41.990439,-93.618515,2018-03-26 07:50,34,26,6,107,
AMW,Ames,41.990439,-93.618515,2018-03-26 07:51,34,25,6,109,
AMW,Ames,41.990439,-93.618515,2018-03-26 07:52,34,26,6,118,
AMW,Ames,41.990439,-93.618515,2018-03-26 07:53,34,25,7,118,
AMW,Ames,41.990439,-93.618515,2018-03-26 07:54,34,25,6,114,
AMW,Ames,41.990439,-93.618515,2018-03-26 07:55,34,26,6,111,
AMW,Ames,41.990439,-93.618515,2018-03-26 07:56,33,26,6,109,
AMW,Ames,41.990439,-93.618515,2018-03-26 07:57,34,26,7,110,
AMW,Ames,41.990439,-93.618515,2018-03-26 07:58,34,26,8,112,
AMW,Ames,41.990439,-93.618515,2018-03-26 07:59,34,26,8,114,
AMW,Ames,41.990439,-93.618515,2018-03-26 08:00,34,25,7,114,
AMW,Ames,41.990439,-93.618515,2018-03-26 08:01,34,26,7,111,
AMW,Ames,41.990439,-93.618515,2018-03-26 08:02,34,26,9,112,
AMW,Ames,41.990439,-93.618515,2018-03-26 08:03,34,25,9,116,
AMW,Ames,41.990439,-93.618515,2018-03-26 08:04,34,25,9,114,
AMW,Ames,41.990439,-93.618515,2018-03-26 08:05,34,26,9,110,
AMW,Ames,41.990439,-93.618515,2018-03-26 08:06,34,25,9,114,
AMW,Ames,41.990439,-93.618515,2018-03-26 08:07,34,26,7,114,
AMW,Ames,41.990439,-93.618515,2018-03-26 08:08,34,26,8,115,
AMW,Ames,41.990439,-93.618515,2018-03-26 08:09,34,25,10,112,
AMW,Ames,41.990439,-93.618515,2018-03-26 08:10,34,26,9,111,
AMW,Ames,41.990439,-93.618515,2018-03-26 08:11,34,26,9,115,
AMW,Ames,41.990439,-93.618515,2018-03-26 08:12,34,26,9,115,
AMW,Ames,41.990439,-93.618515,2018-03-26 08:13,34,26,9,115,
AMW,Ames,41.990439,-93.618515,2018-03-26 08:14,34,26,8,117,
AMW,Ames,41.990439,-93.618515,2018-03-26 08:15,34,26,9,117,
AMW,Ames,41.990439,-93.618515,2018-03-26 08:16,34,26,8,114,
AMW,Ames,41.990439,-93.618515,2018-03-26 08:17,34,26,8,114,
AMW,Ames,41.990439,-93.618515,2018-03-26 08:18,34,26,8,115,
AMW,Ames,41.990439,-93.618515,2018-03-26 08:19,34,26,8,116,
AMW,Ames,41.990439,-93.618515,2018-03-26 08:20,34,26,8,117,
AMW,Ames,41.990439,-93.618515,2018-03-26 08:21,34,26,8,116,
AMW,Ames,41.990439,-93.618515,2018-03-26 08:22,34,26,8,117,
AMW,Ames,41.990439,-93.618515,2018-03-26 08:23,34,26,8,114,
AMW,Ames,41.990439,-93.618515,2018-03-26 08:24,34,26,8,112,
AMW,Ames,41.990439,-93.618515,2018-03-26 08:25,34,26,8,113,
AMW,Ames,41.990439,-93.618515,2018-03-26 08:26,34,26,8,109,
AMW,Ames,41.990439,-93.618515,2018-03-26 08:27,34,26,9,107,
AMW,Ames,41.990439,-93.618515,2018-03-26 08:28,34,26,11,111,
AMW,Ames,41.990439,-93.618515,2018-03-26 08:29,34,26,12,114,
AMW,Ames,41.990439,-93.618515,2018-03-26 08:30,34,26,10,111,
AMW,Ames,41.990439,-93.618515,2018-03-26 08:31,34,26,9,111,
AMW,Ames,41.990439,-93.618515,2018-03-26 08:32,34,26,10,113,
AMW,Ames,41.990439,-93.618515,2018-03-26 08:33,34,26,9,115,
AMW,Ames,41.990439,-93.618515,2018-03-26 08:34,34,26,9,112,
AMW,Ames,41.990439,-93.618515,2018-03-26 08:35,34,26,9,114,
AMW,Ames,41.990439,-93.618515,2018-03-26 08:36,34,26,9,115,
AMW,Ames,41.990439,-93.618515,2018-03-26 08:37,34,26,9,112,
AMW,Ames,41.990439,-93.618515,2018-03-26 08:38,34,26,9,113,
AMW,Ames,41.990439,-93.618515,2018-03-26 08:39,34,26,9,114,
AMW,Ames,41.990439,-93.618515,2018-03-26 08:40,34,26,9,116,
AMW,Ames,41.990439,-93.618515,2018-03-26 08:41,34,26,9,115,
AMW,Ames,41.990439,-93.618515,2018-03-26 08:42,33,26,9,114,
AMW,Ames,41.990439,-93.618515,2018-03-26 08:43,33,26,9,114,
AMW,Ames,41.990439,-93.618515,2018-03-26 08:44,33,26,9,112,
AMW,Ames,41.990439,-93.618515,2018-03-26 08:45,33,26,9,110,
AMW,Ames,41.990439,-93.618515,2018-03-26 08:46,33,26,9,110,
AMW,Ames,41.990439,-93.618515,2018-03-26 08:47,33,26,8,115,
AMW,Ames,41.990439,-93.618515,2018-03-26 08:48,33,26,9,119,
AMW,Ames,41.990439,-93.618515,2018-03-26 08:49,33,26,8,118,
AMW,Ames,41.990439,-93.618515,2018-03-26 08:50,33,26,7,119,
AMW,Ames,41.990439,-93.618515,2018-03-26 08:51,33,26,8,120,
AMW,Ames,41.990439,-93.618515,2018-03-26 08:52,33,26,9,119,
AMW,Ames,41.990439,-93.618515,2018-03-26 08:53,33,26,9,118,
AMW,Ames,41.990439,-93.618515,2018-03-26 08:54,33,26,8,119,
AMW,Ames,41.990439,-93.618515,2018-03-26 08:55,33,26,10,119,
AMW,Ames,41.990439,-93.618515,2018-03-26 08:56,33,26,11,124,
AMW,Ames,41.990439,-93.618515,2018-03-26 08:57,33,26,11,127,
AMW,Ames,41.990439,-93.618515,2018-03-26 08:58,33,26,10,126,
AMW,Ames,41.990439,-93.618515,2018-03-26 08:59,33,26,10,124,
AMW,Ames,41.990439,-93.618515,2018-03-26 09:00,33,26,9,121,
AMW,Ames,41.990439,-93.618515,2018-03-26 09:01,33,26,9,122,
AMW,Ames,41.990439,-93.618515,2018-03-26 09:02,33,26,9,120,
AMW,Ames,41.990439,-93.618515,2018-03-26 09:03,33,26,10,119,
AMW,Ames,41.990439,-93.618515,2018-03-26 09:04,33,25,10,123,
AMW,Ames,41.990439,-93.618515,2018-03-26 09:05,33,25,9,122,
AMW,Ames,41.990439,-93.618515,2018-03-26 09:06,33,25,9,119,
AMW,Ames,41.990439,-93.618515,2018-03-26 09:07,33,25,9,120,
AMW,Ames,41.990439,-93.618515,2018-03-26 09:08,33,25,9,121,
AMW,Ames,41.990439,-93.618515,2018-03-26 09:09,33,25,10,124,
AMW,Ames,41.990439,-93.618515,2018-03-26 09:10,33,25,9,125,
AMW,Ames,41.990439,-93.618515,2018-03-26 09:11,33,25,9,121,
AMW,Ames,41.990439,-93.618515,2018-03-26 09:12,33,25,9,122,
AMW,Ames,41.990439,-93.618515,2018-03-26 09:13,33,25,9,124,
AMW,Ames,41.990439,-93.618515,2018-03-26 09:14,33,25,9,123,
AMW,Ames,41.990439,-93.618515,2018-03-26 09:15,33,26,8,120,
AMW,Ames,41.990439,-93.618515,2018-03-26 09:16,33,26,8,120,
AMW,Ames,41.990439,-93.618515,2018-03-26 09:17,33,25,9,118,
AMW,Ames,41.990439,-93.618515,2018-03-26 09:18,33,26,9,115,
AMW,Ames,41.990439,-93.618515,2018-03-26 09:19,33,26,9,117,
AMW,Ames,41.990439,-93.618515,2018-03-26 09:20,33,26,9,118,
AMW,Ames,41.990439,-93.618515,2018-03-26 09:21,33,26,9,117,
AMW,Ames,41.990439,-93.618515,2018-03-26 09:22,33,25,8,117,
AMW,Ames,41.990439,-93.618515,2018-03-26 09:23,33,26,8,118,
AMW,Ames,41.990439,-93.618515,2018-03-26 09:24,33,26,8,119,
AMW,Ames,41.990439,-93.618515,2018-03-26 09:25,33,26,8,117,
AMW,Ames,41.990439,-93.618515,2018-03-26 09:26,33,26,8,114,
AMW,Ames,41.990439,-93.618515,2018-03-26 09:27,33,26,10,116,
AMW,Ames,41.990439,-93.618515,2018-03-26 09:28,33,25,10,117,
AMW,Ames,41.990439,-93.618515,2018-03-26 09:29,33,26,9,114,
AMW,Ames,41.990439,-93.618515,2018-03-26 09:30,33,26,8,108,
AMW,Ames,41.990439,-93.618515,2018-03-26 09:31,33,26,7,109,
AMW,Ames,41.990439,-93.618515,2018-03-26 09:32,33,26,7,111,
AMW,Ames,41.990439,-93.618515,2018-03-26 09:33,33,26,8,111,
AMW,Ames,41.990439,-93.618515,2018-03-26 09:34,33,26,8,113,
AMW,Ames,41.990439,-93.618515,2018-03-26 09:35,33,26,8,112,
AMW,Ames,41.990439,-93.618515,2018-03-26 09:36,33,26,9,111,
AMW,Ames,41.990439,-93.618515,2018-03-26 09:37,33,26,9,112,
AMW,Ames,41.990439,-93.618515,2018-03-26 09:38,33,26,9,113,
AMW,Ames,41.990439,-93.618515,2018-03-26 09:39,33,26,9,117,
AMW,Ames,41.990439,-93.618515,2018-03-26 09:40,33,26,8,117,
AMW,Ames,41.990439,-93.618515,2018-03-26 09:41,33,26,9,114,
AMW,Ames,41.990439,-93.618515,2018-03-26 09:42,33,26,9,115,
AMW,Ames,41.990439,-93.618515,2018-03-26 09:43,33,26,9,115,
AMW,Ames,41.990439,-93.618515,2018-03-26 09:44,33,26,9,116,
AMW,Ames,41.990439,-93.618515,2018-03-26 09:45,33,25,9,116,
AMW,Ames,41.990439,-93.618515,2018-03-26 09:46,33,26,8,117,
AMW,Ames,41.990439,-93.618515,2018-03-26 09:47,33,26,8,118,
AMW,Ames,41.990439,-93.618515,2018-03-26 09:48,33,25,9,117,
AMW,Ames,41.990439,-93.618515,2018-03-26 09:49,33,25,9,116,
AMW,Ames,41.990439,-93.618515,2018-03-26 09:50,33,26,8,114,
AMW,Ames,41.990439,-93.618515,2018-03-26 09:51,33,26,9,114,
AMW,Ames,41.990439,-93.618515,2018-03-26 09:52,33,25,9,112,
AMW,Ames,41.990439,-93.618515,2018-03-26 09:53,33,25,10,110,
AMW,Ames,41.990439,-93.618515,2018-03-26 09:54,33,25,10,108,
AMW,Ames,41.990439,-93.618515,2018-03-26 09:55,33,25,9,108,
AMW,Ames,41.990439,-93.618515,2018-03-26 09:56,33,26,8,111,
AMW,Ames,41.990439,-93.618515,2018-03-26 09:57,33,26,8,111,
AMW,Ames,41.990439,-93.618515,2018-03-26 09:58,33,25,8,110,
AMW,Ames,41.990439,-93.618515,2018-03-26 09:59,33,25,8,109,
AMW,Ames,41.990439,-93.618515,2018-03-26 10:00,33,25,9,107,
AMW,Ames,41.990439,-93.618515,2018-03-26 10:01,33,25,9,110,
AMW,Ames,41.990439,-93.618515,2018-03-26 10:02,33,25,8,113,
AMW,Ames,41.990439,-93.618515,2018-03-26 10:03,33,25,9,113,
AMW,Ames,41.990439,-93.618515,2018-03-26 10:04,33,25,9,113,
AMW,Ames,41.990439,-93.618515,2018-03-26 10:05,33,25,8,111,
AMW,Ames,41.990439,-93.618515,2018-03-26 10:06,33,25,8,111,
AMW,Ames,41.990439,-93.618515,2018-03-26 10:07,33,25,9,109,
AMW,Ames,41.990439,-93.618515,2018-03-26 10:08,33,25,10,109,
AMW,Ames,41.990439,-93.618515,2018-03-26 10:09,33,25,9,111,
AMW,Ames,41.990439,-93.618515,2018-03-26 10:10,33,25,8,109,
AMW,Ames,41.990439,-93.618515,2018-03-26 10:11,33,25,8,107,
AMW,Ames,41.990439,-93.618515,2018-03-26 10:12,33,25,8,108,
AMW,Ames,41.990439,-93.618515,2018-03-26 10:13,33,25,7,107,
AMW,Ames,41.990439,-93.618515,2018-03-26 10:14,33,25,6,103,
AMW,Ames,41.990439,-93.618515,2018-03-26 10:15,33,25,7,99,
AMW,Ames,41.990439,-93.618515,2018-03-26 10:16,33,25,7,98,
AMW,Ames,41.990439,-93.618515,2018-03-26 10:17,33,25,7,100,
AMW,Ames,41.990439,-93.618515,2018-03-26 10:18,33,25,8,103,
AMW,Ames,41.990439,-93.618515,2018-03-26 10:19,33,25,8,102,
AMW,Ames,41.990439,-93.618515,2018-03-26 10:20,33,25,7,97,
AMW,Ames,41.990439,-93.618515,2018-03-26 10:21,33,25,8,96,
AMW,Ames,41.990439,-93.618515,2018-03-26 10:22,33,25,8,97,
AMW,Ames,41.990439,-93.618515,2018-03-26 10:23,33,25,7,95,
AMW,Ames,41.990439,-93.618515,2018-03-26 10:24,33,25,7,94,
AMW,Ames,41.990439,-93.618515,2018-03-26 10:25,33,25,8,97,
AMW,Ames,41.990439,-93.618515,2018-03-26 10:26,33,25,8,101,
AMW,Ames,41.990439,-93.618515,2018-03-26 10:27,33,25,8,102,
AMW,Ames,41.990439,-93.618515,2018-03-26 10:28,33,25,8,102,
AMW,Ames,41.990439,-93.618515,2018-03-26 10:29,33,25,8,103,
AMW,Ames,41.990439,-93.618515,2018-03-26 10:30,33,25,7,101,
AMW,Ames,41.990439,-93.618515,2018-03-26 10:31,33,25,7,102,
AMW,Ames,41.990439,-93.618515,2018-03-26 10:32,33,25,8,100,
AMW,Ames,41.990439,-93.618515,2018-03-26 10:33,33,25,8,97,
AMW,Ames,41.990439,-93.618515,2018-03-26 10:34,33,25,8,99,
AMW,Ames,41.990439,-93.618515,2018-03-26 10:35,32,25,8,98,
AMW,Ames,41.990439,-93.618515,2018-03-26 10:36,33,25,7,99,
AMW,Ames,41.990439,-93.618515,2018-03-26 10:37,32,25,8,102,
AMW,Ames,41.990439,-93.618515,2018-03-26 10:38,32,25,8,101,
AMW,Ames,41.990439,-93.618515,2018-03-26 10:39,33,25,8,99,
AMW,Ames,41.990439,-93.618515,2018-03-26 10:40,33,25,8,100,
AMW,Ames,41.990439,-93.618515,2018-03-26 10:41,33,25,8,102,
AMW,Ames,41.990439,-93.618515,2018-03-26 10:42,32,25,8,99,
AMW,Ames,41.990439,-93.618515,2018-03-26 10:43,32,25,9,101,
AMW,Ames,41.990439,-93.618515,2018-03-26 10:44,32,25,8,104,
AMW,Ames,41.990439,-93.618515,2018-03-26 10:45,32,25,8,106,
AMW,Ames,41.990439,-93.618515,2018-03-26 10:46,32,25,8,105,
AMW,Ames,41.990439,-93.618515,2018-03-26 10:47,32,25,8,103,
AMW,Ames,41.990439,-93.618515,2018-03-26 10:48,32,25,9,107,
AMW,Ames,41.990439,-93.618515,2018-03-26 10:49,32,25,9,108,
AMW,Ames,41.990439,-93.618515,2018-03-26 10:50,32,25,8,106,
AMW,Ames,41.990439,-93.618515,2018-03-26 10:51,32,25,8,106,
AMW,Ames,41.990439,-93.618515,2018-03-26 10:52,32,25,8,108,
AMW,Ames,41.990439,-93.618515,2018-03-26 10:53,32,25,9,107,
AMW,Ames,41.990439,-93.618515,2018-03-26 10:54,32,25,9,106,
AMW,Ames,41.990439,-93.618515,2018-03-26 10:55,32,25,8,107,
AMW,Ames,41.990439,-93.618515,2018-03-26 10:56,32,26,9,108,
AMW,Ames,41.990439,-93.618515,2018-03-26 10:57,32,25,9,105,
AMW,Ames,41.990439,-93.618515,2018-03-26 10:58,32,25,8,106,
AMW,Ames,41.990439,-93.618515,2018-03-26 10:59,32,25,7,108,
AMW,Ames,41.990439,-93.618515,2018-03-26 11:00,32,25,8,106,
AMW,Ames,41.990439,-93.618515,2018-03-26 11:01,32,25,7,105,
AMW,Ames,41.990439,-93.618515,2018-03-26 11:02,32,25,7,106,
AMW,Ames,41.990439,-93.618515,2018-03-26 11:03,32,25,8,108,
AMW,Ames,41.990439,-93.618515,2018-03-26 11:04,32,25,8,108,
AMW,Ames,41.990439,-93.618515,2018-03-26 11:05,32,25,8,111,
AMW,Ames,41.990439,-93.618515,2018-03-26 11:06,32,25,8,108,
AMW,Ames,41.990439,-93.618515,2018-03-26 11:07,32,25,8,106,
AMW,Ames,41.990439,-93.618515,2018-03-26 11:08,32,25,9,109,
AMW,Ames,41.990439,-93.618515,2018-03-26 11:09,32,25,9,108,
AMW,Ames,41.990439,-93.618515,2018-03-26 11:10,32,25,8,103,
AMW,Ames,41.990439,-93.618515,2018-03-26 11:11,32,25,8,101,
AMW,Ames,41.990439,-93.618515,2018-03-26 11:12,32,25,9,103,
AMW,Ames,41.990439,-93.618515,2018-03-26 11:13,32,25,9,104,
AMW,Ames,41.990439,-93.618515,2018-03-26 11:14,32,25,8,106,
AMW,Ames,41.990439,-93.618515,2018-03-26 11:15,32,25,7,105,
AMW,Ames,41.990439,-93.618515,2018-03-26 11:16,32,25,8,104,
AMW,Ames,41.990439,-93.618515,2018-03-26 11:17,32,25,9,105,
AMW,Ames,41.990439,-93.618515,2018-03-26 11:18,32,25,8,103,
AMW,Ames,41.990439,-93.618515,2018-03-26 11:19,32,25,8,105,
AMW,Ames,41.990439,-93.618515,2018-03-26 11:20,32,25,9,108,
AMW,Ames,41.990439,-93.618515,2018-03-26 11:21,32,25,9,107,
AMW,Ames,41.990439,-93.618515,2018-03-26 11:22,32,25,8,110,
AMW,Ames,41.990439,-93.618515,2018-03-26 11:23,32,25,8,113,
AMW,Ames,41.990439,-93.618515,2018-03-26 11:24,32,25,7,113,
AMW,Ames,41.990439,-93.618515,2018-03-26 11:25,32,25,7,113,
AMW,Ames,41.990439,-93.618515,2018-03-26 11:26,32,25,7,115,
AMW,Ames,41.990439,-93.618515,2018-03-26 11:27,32,25,7,117,
AMW,Ames,41.990439,-93.618515,2018-03-26 11:28,32,25,8,117,
AMW,Ames,41.990439,-93.618515,2018-03-26 11:29,32,25,8,116,
AMW,Ames,41.990439,-93.618515,2018-03-26 11:30,32,25,8,110,
AMW,Ames,41.990439,-93.618515,2018-03-26 11:31,32,25,7,105,
AMW,Ames,41.990439,-93.618515,2018-03-26 11:32,32,25,7,107,
AMW,Ames,41.990439,-93.618515,2018-03-26 11:33,32,26,7,105,
AMW,Ames,41.990439,-93.618515,2018-03-26 11:34,32,25,7,103,
AMW,Ames,41.990439,-93.618515,2018-03-26 11:35,32,25,8,102,
AMW,Ames,41.990439,-93.618515,2018-03-26 11:36,32,25,8,107,
AMW,Ames,41.990439,-93.618515,2018-03-26 11:37,32,25,9,109,
AMW,Ames,41.990439,-93.618515,2018-03-26 11:38,32,25,10,105,
AMW,Ames,41.990439,-93.618515,2018-03-26 11:39,32,25,9,104,
AMW,Ames,41.990439,-93.618515,2018-03-26 11:40,32,25,8,103,
AMW,Ames,41.990439,-93.618515,2018-03-26 11:41,32,25,8,104,
AMW,Ames,41.990439,-93.618515,2018-03-26 11:42,32,25,7,104,
AMW,Ames,41.990439,-93.618515,2018-03-26 11:43,32,25,7,104,
AMW,Ames,41.990439,-93.618515,2018-03-26 11:44,32,25,8,104,
AMW,Ames,41.990439,-93.618515,2018-03-26 11:45,32,25,8,105,
AMW,Ames,41.990439,-93.618515,2018-03-26 11:46,32,25,10,104,
AMW,Ames,41.990439,-93.618515,2018-03-26 11:47,32,25,9,100,
AMW,Ames,41.990439,-93.618515,2018-03-26 11:48,32,25,9,96,
AMW,Ames,41.990439,-93.618515,2018-03-26 11:49,32,25,9,94,
AMW,Ames,41.990439,-93.618515,2018-03-26 11:50,32,25,9,97,
AMW,Ames,41.990439,-93.618515,2018-03-26 11:51,32,25,9,98,
AMW,Ames,41.990439,-93.618515,2018-03-26 11:52,32,25,8,96,
AMW,Ames,41.990439,-93.618515,2018-03-26 11:53,32,25,9,97,
AMW,Ames,41.990439,-93.618515,2018-03-26 11:54,32,25,9,98,
AMW,Ames,41.990439,-93.618515,2018-03-26 11:55,32,25,10,102,
AMW,Ames,41.990439,-93.618515,2018-03-26 11:56,32,25,10,103,
AMW,Ames,41.990439,-93.618515,2018-03-26 11:57,32,25,9,104,
AMW,Ames,41.990439,-93.618515,2018-03-26 11:58,32,25,10,110,
AMW,Ames,41.990439,-93.618515,2018-03-26 11:59,32,25,10,113,
AMW,Ames,41.990439,-93.618515,2018-03-26 12:00,32,25,10,111,
AMW,Ames,41.990439,-93.618515,2018-03-26 12:01,32,25,10,112,
AMW,Ames,41.990439,-93.618515,2018-03-26 12:02,32,25,11,112,
AMW,Ames,41.990439,-93.618515,2018-03-26 12:03,32,25,11,112,
AMW,Ames,41.990439,-93.618515,2018-03-26 12:04,32,25,10,115,
AMW,Ames,41.990439,-93.618515,2018-03-26 12:05,32,25,11,115,
AMW,Ames,41.990439,-93.618515,2018-03-26 12:06,32,25,11,114,
AMW,Ames,41.990439,-93.618515,2018-03-26 12:07,32,26,10,114,
AMW,Ames,41.990439,-93.618515,2018-03-26 12:08,32,25,9,113,
AMW,Ames,41.990439,-93.618515,2018-03-26 12:09,32,25,9,111,
AMW,Ames,41.990439,-93.618515,2018-03-26 12:10,32,25,10,109,
AMW,Ames,41.990439,-93.618515,2018-03-26 12:11,32,25,9,107,
AMW,Ames,41.990439,-93.618515,2018-03-26 12:12,32,26,8,104,
AMW,Ames,41.990439,-93.618515,2018-03-26 12:13,32,25,8,102,
AMW,Ames,41.990439,-93.618515,2018-03-26 12:14,32,26,9,109,
AMW,Ames,41.990439,-93.618515,2018-03-26 12:15,32,25,9,115,
AMW,Ames,41.990439,-93.618515,2018-03-26 12:16,32,26,7,115,
AMW,Ames,41.990439,-93.618515,2018-03-26 12:17,32,25,7,115,
AMW,Ames,41.990439,-93.618515,2018-03-26 12:18,32,26,8,114,
AMW,Ames,41.990439,-93.618515,2018-03-26 12:19,32,25,9,111,
AMW,Ames,41.990439,-93.618515,2018-03-26 12:20,32,26,9,109,
AMW,Ames,41.990439,-93.618515,2018-03-26 12:21,33,25,10,110,
AMW,Ames,41.990439,-93.618515,2018-03-26 12:22,32,25,10,110,
AMW,Ames,41.990439,-93.618515,2018-03-26 12:23,33,25,9,108,
AMW,Ames,41.990439,-93.618515,2018-03-26 12:24,33,25,10,110,
AMW,Ames,41.990439,-93.618515,2018-03-26 12:25,33,26,11,111,
AMW,Ames,41.990439,-93.618515,2018-03-26 12:26,33,25,9,112,
AMW,Ames,41.990439,-93.618515,2018-03-26 12:27,33,26,9,115,
AMW,Ames,41.990439,-93.618515,2018-03-26 12:28,33,25,8,112,
AMW,Ames,41.990439,-93.618515,2018-03-26 12:29,33,26,9,105,
AMW,Ames,41.990439,-93.618515,2018-03-26 12:30,33,26,8,104,
AMW,Ames,41.990439,-93.618515,2018-03-26 12:31,33,26,8,104,
AMW,Ames,41.990439,-93.618515,2018-03-26 12:32,33,25,9,106,
AMW,Ames,41.990439,-93.618515,2018-03-26 12:33,33,26,9,108,
AMW,Ames,41.990439,-93.618515,2018-03-26 12:34,33,26,9,107,
AMW,Ames,41.990439,-93.618515,2018-03-26 12:35,33,26,8,105,
AMW,Ames,41.990439,-93.618515,2018-03-26 12:36,33,25,9,104,
AMW,Ames,41.990439,-93.618515,2018-03-26 12:37,33,26,9,103,
AMW,Ames,41.990439,-93.618515,2018-03-26 12:38,33,26,9,103,
AMW,Ames,41.990439,-93.618515,2018-03-26 12:39,33,26,10,101,
AMW,Ames,41.990439,-93.618515,2018-03-26 12:40,33,26,8,99,
AMW,Ames,41.990439,-93.618515,2018-03-26 12:41,33,26,8,103,
AMW,Ames,41.990439,-93.618515,2018-03-26 12:42,33,26,9,101,
AMW,Ames,41.990439,-93.618515,2018-03-26 12:43,33,26,9,98,
AMW,Ames,41.990439,-93.618515,2018-03-26 12:44,33,26,8,101,
AMW,Ames,41.990439,-93.618515,2018-03-26 12:45,33,26,8,101,
AMW,Ames,41.990439,-93.618515,2018-03-26 12:46,33,26,9,99,
AMW,Ames,41.990439,-93.618515,2018-03-26 12:47,33,26,9,96,
AMW,Ames,41.990439,-93.618515,2018-03-26 12:48,33,26,8,97,
AMW,Ames,41.990439,-93.618515,2018-03-26 12:49,33,26,8,101,
AMW,Ames,41.990439,-93.618515,2018-03-26 12:50,33,26,7,102,
AMW,Ames,41.990439,-93.618515,2018-03-26 12:51,33,26,7,103,
AMW,Ames,41.990439,-93.618515,2018-03-26 12:52,33,26,8,106,
AMW,Ames,41.990439,-93.618515,2018-03-26 12:53,33,26,9,105,
AMW,Ames,41.990439,-93.618515,2018-03-26 12:54,33,26,9,104,
AMW,Ames,41.990439,-93.618515,2018-03-26 12:55,33,26,10,109,
AMW,Ames,41.990439,-93.618515,2018-03-26 12:56,33,26,10,108,
AMW,Ames,41.990439,-93.618515,2018-03-26 12:57,33,26,10,105,
AMW,Ames,41.990439,-93.618515,2018-03-26 12:58,33,26,11,106,
AMW,Ames,41.990439,-93.618515,2018-03-26 12:59,33,26,9,106,
AMW,Ames,41.990439,-93.618515,2018-03-26 13:00,33,26,8,102,
AMW,Ames,41.990439,-93.618515,2018-03-26 13:01,33,26,8,102,
AMW,Ames,41.990439,-93.618515,2018-03-26 13:02,33,26,8,101,
AMW,Ames,41.990439,-93.618515,2018-03-26 13:03,33,26,8,99,
AMW,Ames,41.990439,-93.618515,2018-03-26 13:04,33,26,9,102,
AMW,Ames,41.990439,-93.618515,2018-03-26 13:05,33,26,9,101,
AMW,Ames,41.990439,-93.618515,2018-03-26 13:06,33,26,9,104,
AMW,Ames,41.990439,-93.618515,2018-03-26 13:07,33,26,9,107,
AMW,Ames,41.990439,-93.618515,2018-03-26 13:08,33,26,10,105,
AMW,Ames,41.990439,-93.618515,2018-03-26 13:09,33,26,9,104,
AMW,Ames,41.990439,-93.618515,2018-03-26 13:10,33,26,9,104,
AMW,Ames,41.990439,-93.618515,2018-03-26 13:11,33,26,10,104,
AMW,Ames,41.990439,-93.618515,2018-03-26 13:12,33,26,10,97,
AMW,Ames,41.990439,-93.618515,2018-03-26 13:13,33,26,9,94,
AMW,Ames,41.990439,-93.618515,2018-03-26 13:14,33,26,9,101,
AMW,Ames,41.990439,-93.618515,2018-03-26 13:15,33,26,10,102,
AMW,Ames,41.990439,-93.618515,2018-03-26 13:16,33,25,10,99,
AMW,Ames,41.990439,-93.618515,2018-03-26 13:17,33,26,9,101,
AMW,Ames,41.990439,-93.618515,2018-03-26 13:18,33,26,9,105,
AMW,Ames,41.990439,-93.618515,2018-03-26 13:19,33,26,9,105,
AMW,Ames,41.990439,-93.618515,2018-03-26 13:20,33,25,9,99,
AMW,Ames,41.990439,-93.618515,2018-03-26 13:21,33,26,9,100,
AMW,Ames,41.990439,-93.618515,2018-03-26 13:22,33,26,9,105,
AMW,Ames,41.990439,-93.618515,2018-03-26 13:23,33,26,8,106,
AMW,Ames,41.990439,-93.618515,2018-03-26 13:24,33,26,8,110,
AMW,Ames,41.990439,-93.618515,2018-03-26 13:25,33,26,9,112,
AMW,Ames,41.990439,-93.618515,2018-03-26 13:26,33,26,8,110,
AMW,Ames,41.990439,-93.618515,2018-03-26 13:27,33,26,8,107,
AMW,Ames,41.990439,-93.618515,2018-03-26 13:28,33,26,8,102,
AMW,Ames,41.990439,-93.618515,2018-03-26 13:29,33,26,8,104,
AMW,Ames,41.990439,-93.618515,2018-03-26 13:30,33,26,9,104,
AMW,Ames,41.990439,-93.618515,2018-03-26 13:31,33,26,8,103,
AMW,Ames,41.990439,-93.618515,2018-03-26 13:32,33,26,8,103,
AMW,Ames,41.990439,-93.618515,2018-03-26 13:33,33,26,9,100,
AMW,Ames,41.990439,-93.618515,2018-03-26 13:34,33,26,9,101,
AMW,Ames,41.990439,-93.618515,2018-03-26 13:35,33,26,9,108,
AMW,Ames,41.990439,-93.618515,2018-03-26 13:36,33,25,10,110,
AMW,Ames,41.990439,-93.618515,2018-03-26 13:37,33,26,9,109,
AMW,Ames,41.990439,-93.618515,2018-03-26 13:38,33,26,8,111,
AMW,Ames,41.990439,-93.618515,2018-03-26 13:39,33,26,8,112,
AMW,Ames,41.990439,-93.618515,2018-03-26 13:40,33,26,8,109,
AMW,Ames,41.990439,-93.618515,2018-03-26 13:41,33,26,9,107,
AMW,Ames,41.990439,-93.618515,2018-03-26 13:42,33,26,8,107,
AMW,Ames,41.990439,-93.618515,2018-03-26 13:43,33,26,8,105,
AMW,Ames,41.990439,-93.618515,2018-03-26 13:44,33,26,9,110,
AMW,Ames,41.990439,-93.618515,2018-03-26 13:45,33,26,9,112,
AMW,Ames,41.990439,-93.618515,2018-03-26 13:46,33,26,10,105,
AMW,Ames,41.990439,-93.618515,2018-03-26 13:47,33,26,10,103,
AMW,Ames,41.990439,-93.618515,2018-03-26 13:48,33,26,10,104,
AMW,Ames,41.990439,-93.618515,2018-03-26 13:49,33,26,10,102,
AMW,Ames,41.990439,-93.618515,2018-03-26 13:50,33,26,9,103,
AMW,Ames,41.990439,-93.618515,2018-03-26 13:51,33,26,9,106,
AMW,Ames,41.990439,-93.618515,2018-03-26 13:52,33,26,9,107,
AMW,Ames,41.990439,-93.618515,2018-03-26 13:53,33,26,8,101,
AMW,Ames,41.990439,-93.618515,2018-03-26 13:54,33,26,8,100,
AMW,Ames,41.990439,-93.618515,2018-03-26 13:55,33,26,9,103,
AMW,Ames,41.990439,-93.618515,2018-03-26 13:56,33,26,9,101,
AMW,Ames,41.990439,-93.618515,2018-03-26 13:57,33,26,8,100,
AMW,Ames,41.990439,-93.618515,2018-03-26 13:58,33,26,9,100,
AMW,Ames,41.990439,-93.618515,2018-03-26 13:59,33,26,9,100,
AMW,Ames,41.990439,-93.618515,2018-03-26 14:00,33,26,9,101,
AMW,Ames,41.990439,-93.618515,2018-03-26 14:01,33,26,10,104,
AMW,Ames,41.990439,-93.618515,2018-03-26 14:02,33,26,9,106,
AMW,Ames,41.990439,-93.618515,2018-03-26 14:03,33,26,7,104,
AMW,Ames,41.990439,-93.618515,2018-03-26 14:04,33,26,8,106,
AMW,Ames,41.990439,-93.618515,2018-03-26 14:05,33,26,8,108,
AMW,Ames,41.990439,-93.618515,2018-03-26 14:06,33,26,9,104,
AMW,Ames,41.990439,-93.618515,2018-03-26 14:07,33,26,9,101,
AMW,Ames,41.990439,-93.618515,2018-03-26 14:08,33,26,10,102,
AMW,Ames,41.990439,-93.618515,2018-03-26 14:09,33,26,10,106,
AMW,Ames,41.990439,-93.618515,2018-03-26 14:10,33,26,10,105,
AMW,Ames,41.990439,-93.618515,2018-03-26 14:11,33,26,9,101,
AMW,Ames,41.990439,-93.618515,2018-03-26 14:12,33,26,8,101,
AMW,Ames,41.990439,-93.618515,2018-03-26 14:13,33,26,8,104,
AMW,Ames,41.990439,-93.618515,2018-03-26 14:14,33,26,8,106,
AMW,Ames,41.990439,-93.618515,2018-03-26 14:15,33,26,8,106,
AMW,Ames,41.990439,-93.618515,2018-03-26 14:16,33,26,8,106,
AMW,Ames,41.990439,-93.618515,2018-03-26 14:17,33,26,8,105,
AMW,Ames,41.990439,-93.618515,2018-03-26 14:18,33,26,9,102,
AMW,Ames,41.990439,-93.618515,2018-03-26 14:19,33,26,10,104,
AMW,Ames,41.990439,-93.618515,2018-03-26 14:20,33,26,9,107,
AMW,Ames,41.990439,-93.618515,2018-03-26 14:21,33,26,10,104,
AMW,Ames,41.990439,-93.618515,2018-03-26 14:22,33,26,10,100,
AMW,Ames,41.990439,-93.618515,2018-03-26 14:23,33,26,10,102,
AMW,Ames,41.990439,-93.618515,2018-03-26 14:24,33,26,10,102,
AMW,Ames,41.990439,-93.618515,2018-03-26 14:25,33,26,10,100,
AMW,Ames,41.990439,-93.618515,2018-03-26 14:26,33,26,9,102,
AMW,Ames,41.990439,-93.618515,2018-03-26 14:27,33,26,8,105,
AMW,Ames,41.990439,-93.618515,2018-03-26 14:28,33,26,9,104,
AMW,Ames,41.990439,-93.618515,2018-03-26 14:29,33,26,10,103,
AMW,Ames,41.990439,-93.618515,2018-03-26 14:30,33,26,10,104,
AMW,Ames,41.990439,-93.618515,2018-03-26 14:31,34,26,10,101,
AMW,Ames,41.990439,-93.618515,2018-03-26 14:32,34,26,8,95,
AMW,Ames,41.990439,-93.618515,2018-03-26 14:33,34,26,8,95,
AMW,Ames,41.990439,-93.618515,2018-03-26 14:34,34,26,8,94,
AMW,Ames,41.990439,-93.618515,2018-03-26 14:35,34,26,8,97,
AMW,Ames,41.990439,-93.618515,2018-03-26 14:36,34,26,9,94,
AMW,Ames,41.990439,-93.618515,2018-03-26 14:37,34,26,9,87,
AMW,Ames,41.990439,-93.618515,2018-03-26 14:38,34,26,9,85,
AMW,Ames,41.990439,-93.618515,2018-03-26 14:39,34,26,8,84,
AMW,Ames,41.990439,-93.618515,2018-03-26 14:40,34,26,8,86,
AMW,Ames,41.990439,-93.618515,2018-03-26 14:41,34,26,7,84,
AMW,Ames,41.990439,-93.618515,2018-03-26 14:42,34,26,6,89,
AMW,Ames,41.990439,-93.618515,2018-03-26 14:43,34,26,6,93,
AMW,Ames,41.990439,-93.618515,2018-03-26 14:44,34,26,6,97,
AMW,Ames,41.990439,-93.618515,2018-03-26 14:45,34,26,6,109,
AMW,Ames,41.990439,-93.618515,2018-03-26 14:46,34,26,7,111,
AMW,Ames,41.990439,-93.618515,2018-03-26 14:47,34,26,7,110,
AMW,Ames,41.990439,-93.618515,2018-03-26 14:48,34,26,6,114,
AMW,Ames,41.990439,-93.618515,2018-03-26 14:49,34,26,6,111,
AMW,Ames,41.990439,-93.618515,2018-03-26 14:50,34,26,6,113,
AMW,Ames,41.990439,-93.618515,2018-03-26 14:51,34,26,6,116,
AMW,Ames,41.990439,-93.618515,2018-03-26 14:52,34,26,8,113,
AMW,Ames,41.990439,-93.618515,2018-03-26 14:53,34,26,9,108,
AMW,Ames,41.990439,-93.618515,2018-03-26 14:54,34,26,8,108,
AMW,Ames,41.990439,-93.618515,2018-03-26 14:55,34,26,8,115,
AMW,Ames,41.990439,-93.618515,2018-03-26 14:56,34,26,9,112,
AMW,Ames,41.990439,-93.618515,2018-03-26 14:57,34,26,8,110,
AMW,Ames,41.990439,-93.618515,2018-03-26 14:58,34,26,8,106,
AMW,Ames,41.990439,-93.618515,2018-03-26 14:59,34,26,7,102,
AMW,Ames,41.990439,-93.618515,2018-03-26 15:00,34,26,7,104,
AMW,Ames,41.990439,-93.618515,2018-03-26 15:01,34,26,7,107,
AMW,Ames,41.990439,-93.618515,2018-03-26 15:02,34,26,7,110,
AMW,Ames,41.990439,-93.618515,2018-03-26 15:03,34,26,8,110,
AMW,Ames,41.990439,-93.618515,2018-03-26 15:04,34,26,8,107,
AMW,Ames,41.990439,-93.618515,2018-03-26 15:05,34,27,8,102,
AMW,Ames,41.990439,-93.618515,2018-03-26 15:06,34,27,8,99,
AMW,Ames,41.990439,-93.618515,2018-03-26 15:07,34,27,9,101,
AMW,Ames,41.990439,-93.618515,2018-03-26 15:08,34,26,9,105,
AMW,Ames,41.990439,-93.618515,2018-03-26 15:09,34,27,10,108,
AMW,Ames,41.990439,-93.618515,2018-03-26 15:10,34,27,9,111,
AMW,Ames,41.990439,-93.618515,2018-03-26 15:11,34,27,8,115,
AMW,Ames,41.990439,-93.618515,2018-03-26 15:12,34,27,7,116,
AMW,Ames,41.990439,-93.618515,2018-03-26 15:13,34,27,8,112,
AMW,Ames,41.990439,-93.618515,2018-03-26 15:14,34,27,8,111,
AMW,Ames,41.990439,-93.618515,2018-03-26 15:15,34,27,7,113,
AMW,Ames,41.990439,-93.618515,2018-03-26 15:16,34,27,6,117,
AMW,Ames,41.990439,-93.618515,2018-03-26 15:17,34,27,7,129,
AMW,Ames,41.990439,-93.618515,2018-03-26 15:18,34,27,7,133,
AMW,Ames,41.990439,-93.618515,2018-03-26 15:19,34,27,6,133,
AMW,Ames,41.990439,-93.618515,2018-03-26 15:20,34,27,7,133,
AMW,Ames,41.990439,-93.618515,2018-03-26 15:21,34,27,7,132,
AMW,Ames,41.990439,-93.618515,2018-03-26 15:22,34,27,7,127,
AMW,Ames,41.990439,-93.618515,2018-03-26 15:23,34,27,7,120,
AMW,Ames,41.990439,-93.618515,2018-03-26 15:24,34,28,6,119,
AMW,Ames,41.990439,-93.618515,2018-03-26 15:25,33,28,6,120,
AMW,Ames,41.990439,-93.618515,2018-03-26 15:26,33,28,7,121,
AMW,Ames,41.990439,-93.618515,2018-03-26 15:27,33,28,7,118,
AMW,Ames,41.990439,-93.618515,2018-03-26 15:28,33,28,8,113,
AMW,Ames,41.990439,-93.618515,2018-03-26 15:29,33,28,10,109,
AMW,Ames,41.990439,-93.618515,2018-03-26 15:30,33,28,11,108,
AMW,Ames,41.990439,-93.618515,2018-03-26 15:31,33,28,11,107,
AMW,Ames,41.990439,-93.618515,2018-03-26 15:32,33,28,11,106,
AMW,Ames,41.990439,-93.618515,2018-03-26 15:33,33,28,12,108,
AMW,Ames,41.990439,-93.618515,2018-03-26 15:34,33,28,12,111,
AMW,Ames,41.990439,-93.618515,2018-03-26 15:35,33,29,12,115,
AMW,Ames,41.990439,-93.618515,2018-03-26 15:36,33,29,12,115,
AMW,Ames,41.990439,-93.618515,2018-03-26 15:37,33,29,12,114,
AMW,Ames,41.990439,-93.618515,2018-03-26 15:38,33,29,13,113,
AMW,Ames,41.990439,-93.618515,2018-03-26 15:39,33,29,14,112,
AMW,Ames,41.990439,-93.618515,2018-03-26 15:40,33,29,14,111,
AMW,Ames,41.990439,-93.618515,2018-03-26 15:41,33,29,14,112,
AMW,Ames,41.990439,-93.618515,2018-03-26 15:42,33,29,14,113,
AMW,Ames,41.990439,-93.618515,2018-03-26 15:43,33,29,15,112,
AMW,Ames,41.990439,-93.618515,2018-03-26 15:44,33,29,15,113,
AMW,Ames,41.990439,-93.618515,2018-03-26 15:45,33,29,14,115,
AMW,Ames,41.990439,-93.618515,2018-03-26 15:46,33,30,15,113,
AMW,Ames,41.990439,-93.618515,2018-03-26 15:47,33,30,14,115,
AMW,Ames,41.990439,-93.618515,2018-03-26 15:48,33,30,12,118,
AMW,Ames,41.990439,-93.618515,2018-03-26 15:49,33,30,11,118,
AMW,Ames,41.990439,-93.618515,2018-03-26 15:50,33,30,11,117,
AMW,Ames,41.990439,-93.618515,2018-03-26 15:51,33,30,9,118,
AMW,Ames,41.990439,-93.618515,2018-03-26 15:52,33,30,9,110,
AMW,Ames,41.990439,-93.618515,2018-03-26 15:53,33,30,10,104,
AMW,Ames,41.990439,-93.618515,2018-03-26 15:54,33,30,9,101,
AMW,Ames,41.990439,-93.618515,2018-03-26 15:55,33,30,10,93,
AMW,Ames,41.990439,-93.618515,2018-03-26 15:56,33,30,11,89,
AMW,Ames,41.990439,-93.618515,2018-03-26 15:57,33,30,10,81,
AMW,Ames,41.990439,-93.618515,2018-03-26 15:58,33,30,9,77,
AMW,Ames,41.990439,-93.618515,2018-03-26 15:59,33,30,10,82,
AMW,Ames,41.990439,-93.618515,2018-03-26 16:00,32,30,10,82,
AMW,Ames,41.990439,-93.618515,2018-03-26 16:01,32,30,10,83,
AMW,Ames,41.990439,-93.618515,2018-03-26 16:02,32,30,10,86,
AMW,Ames,41.990439,-93.618515,2018-03-26 16:03,32,30,10,88,
AMW,Ames,41.990439,-93.618515,2018-03-26 16:04,32,30,9,85,
AMW,Ames,41.990439,-93.618515,2018-03-26 16:05,33,30,9,81,
AMW,Ames,41.990439,-93.618515,2018-03-26 16:06,32,30,11,84,
AMW,Ames,41.990439,-93.618515,2018-03-26 16:07,32,30,12,89,
AMW,Ames,41.990439,-93.618515,2018-03-26 16:08,33,30,12,90,
AMW,Ames,41.990439,-93.618515,2018-03-26 16:09,33,30,11,89,
AMW,Ames,41.990439,-93.618515,2018-03-26 16:10,33,30,12,91,
AMW,Ames,41.990439,-93.618515,2018-03-26 16:11,33,30,12,93,
AMW,Ames,41.990439,-93.618515,2018-03-26 16:12,33,30,12,95,
AMW,Ames,41.990439,-93.618515,2018-03-26 16:13,33,30,11,100,
AMW,Ames,41.990439,-93.618515,2018-03-26 16:14,33,30,11,99,
AMW,Ames,41.990439,-93.618515,2018-03-26 16:15,33,30,12,91,
AMW,Ames,41.990439,-93.618515,2018-03-26 16:16,33,30,12,86,
AMW,Ames,41.990439,-93.618515,2018-03-26 16:17,33,30,12,92,
AMW,Ames,41.990439,-93.618515,2018-03-26 16:18,33,30,12,93,
AMW,Ames,41.990439,-93.618515,2018-03-26 16:19,33,30,10,83,
AMW,Ames,41.990439,-93.618515,2018-03-26 16:20,33,30,8,79,
AMW,Ames,41.990439,-93.618515,2018-03-26 16:21,33,30,8,86,
AMW,Ames,41.990439,-93.618515,2018-03-26 16:22,33,30,8,89,
AMW,Ames,41.990439,-93.618515,2018-03-26 16:23,33,30,8,92,
AMW,Ames,41.990439,-93.618515,2018-03-26 16:24,33,30,9,92,
AMW,Ames,41.990439,-93.618515,2018-03-26 16:25,34,31,10,83,
AMW,Ames,41.990439,-93.618515,2018-03-26 16:26,34,31,11,81,
AMW,Ames,41.990439,-93.618515,2018-03-26 16:27,34,30,11,80,
AMW,Ames,41.990439,-93.618515,2018-03-26 16:28,34,30,11,81,
AMW,Ames,41.990439,-93.618515,2018-03-26 16:29,34,30,12,83,
AMW,Ames,41.990439,-93.618515,2018-03-26 16:30,34,30,11,83,
AMW,Ames,41.990439,-93.618515,2018-03-26 16:31,34,30,8,80,
AMW,Ames,41.990439,-93.618515,2018-03-26 16:32,34,30,7,101,
AMW,Ames,41.990439,-93.618515,2018-03-26 16:33,34,30,9,117,
AMW,Ames,41.990439,-93.618515,2018-03-26 16:34,34,30,11,111,
AMW,Ames,41.990439,-93.618515,2018-03-26 16:35,34,30,9,111,
AMW,Ames,41.990439,-93.618515,2018-03-26 16:36,34,30,9,112,
AMW,Ames,41.990439,-93.618515,2018-03-26 16:37,34,30,12,109,
AMW,Ames,41.990439,-93.618515,2018-03-26 16:38,34,30,11,105,
AMW,Ames,41.990439,-93.618515,2018-03-26 16:39,34,30,10,107,
AMW,Ames,41.990439,-93.618515,2018-03-26 16:40,34,30,10,108,
AMW,Ames,41.990439,-93.618515,2018-03-26 16:41,34,30,9,114,
AMW,Ames,41.990439,-93.618515,2018-03-26 16:42,34,30,10,121,
AMW,Ames,41.990439,-93.618515,2018-03-26 16:43,35,30,9,130,
AMW,Ames,41.990439,-93.618515,2018-03-26 16:44,35,30,8,132,
AMW,Ames,41.990439,-93.618515,2018-03-26 16:45,35,31,6,122,
AMW,Ames,41.990439,-93.618515,2018-03-26 16:46,35,31,6,121,
AMW,Ames,41.990439,-93.618515,2018-03-26 16:47,35,31,7,126,
AMW,Ames,41.990439,-93.618515,2018-03-26 16:48,35,30,8,128,
AMW,Ames,41.990439,-93.618515,2018-03-26 16:49,35,31,8,129,
AMW,Ames,41.990439,-93.618515,2018-03-26 16:50,35,30,8,122,
AMW,Ames,41.990439,-93.618515,2018-03-26 16:51,35,30,8,124,
AMW,Ames,41.990439,-93.618515,2018-03-26 16:52,35,31,7,132,
AMW,Ames,41.990439,-93.618515,2018-03-26 16:53,35,31,7,131,
AMW,Ames,41.990439,-93.618515,2018-03-26 16:54,35,31,8,130,
AMW,Ames,41.990439,-93.618515,2018-03-26 16:55,35,31,9,131,
AMW,Ames,41.990439,-93.618515,2018-03-26 16:56,35,30,12,131,
AMW,Ames,41.990439,-93.618515,2018-03-26 16:57,35,30,12,126,
AMW,Ames,41.990439,-93.618515,2018-03-26 16:58,35,30,11,125,
AMW,Ames,41.990439,-93.618515,2018-03-26 16:59,35,31,10,125,
AMW,Ames,41.990439,-93.618515,2018-03-26 17:00,35,30,12,122,
AMW,Ames,41.990439,-93.618515,2018-03-26 17:01,35,30,12,122,
AMW,Ames,41.990439,-93.618515,2018-03-26 17:02,35,31,11,122,
AMW,Ames,41.990439,-93.618515,2018-03-26 17:03,35,30,11,122,
AMW,Ames,41.990439,-93.618515,2018-03-26 17:04,36,31,9,119,
AMW,Ames,41.990439,-93.618515,2018-03-26 17:05,36,31,8,122,
AMW,Ames,41.990439,-93.618515,2018-03-26 17:06,36,31,8,122,
AMW,Ames,41.990439,-93.618515,2018-03-26 17:07,36,31,8,114,
AMW,Ames,41.990439,-93.618515,2018-03-26 17:08,35,31,9,116,
AMW,Ames,41.990439,-93.618515,2018-03-26 17:09,36,31,8,110,
AMW,Ames,41.990439,-93.618515,2018-03-26 17:10,36,31,8,104,
AMW,Ames,41.990439,-93.618515,2018-03-26 17:11,36,31,10,109,
AMW,Ames,41.990439,-93.618515,2018-03-26 17:12,36,31,10,115,
AMW,Ames,41.990439,-93.618515,2018-03-26 17:13,36,31,10,121,
AMW,Ames,41.990439,-93.618515,2018-03-26 17:14,36,30,9,128,
AMW,Ames,41.990439,-93.618515,2018-03-26 17:15,36,31,8,128,
AMW,Ames,41.990439,-93.618515,2018-03-26 17:16,36,31,9,123,
AMW,Ames,41.990439,-93.618515,2018-03-26 17:17,36,31,9,125,
AMW,Ames,41.990439,-93.618515,2018-03-26 17:18,36,31,10,127,
AMW,Ames,41.990439,-93.618515,2018-03-26 17:19,36,31,13,124,
AMW,Ames,41.990439,-93.618515,2018-03-26 17:20,36,31,14,120,
AMW,Ames,41.990439,-93.618515,2018-03-26 17:21,36,31,15,119,
AMW,Ames,41.990439,-93.618515,2018-03-26 17:22,36,31,16,123,
AMW,Ames,41.990439,-93.618515,2018-03-26 17:23,36,30,14,124,
AMW,Ames,41.990439,-93.618515,2018-03-26 17:24,36,31,13,125,
AMW,Ames,41.990439,-93.618515,2018-03-26 17:25,36,31,14,124,
AMW,Ames,41.990439,-93.618515,2018-03-26 17:26,36,30,15,123,
AMW,Ames,41.990439,-93.618515,2018-03-26 17:27,36,30,14,125,
AMW,Ames,41.990439,-93.618515,2018-03-26 17:28,36,30,12,122,
AMW,Ames,41.990439,-93.618515,2018-03-26 17:29,36,31,12,126,
AMW,Ames,41.990439,-93.618515,2018-03-26 17:30,36,31,12,131,
AMW,Ames,41.990439,-93.618515,2018-03-26 17:31,36,31,12,133,
AMW,Ames,41.990439,-93.618515,2018-03-26 17:32,36,31,11,131,
AMW,Ames,41.990439,-93.618515,2018-03-26 17:33,36,31,11,124,
AMW,Ames,41.990439,-93.618515,2018-03-26 17:34,36,31,10,122,
AMW,Ames,41.990439,-93.618515,2018-03-26 17:35,36,31,10,123,
AMW,Ames,41.990439,-93.618515,2018-03-26 17:36,36,31,11,122,
AMW,Ames,41.990439,-93.618515,2018-03-26 17:37,36,31,11,125,
AMW,Ames,41.990439,-93.618515,2018-03-26 17:38,36,31,11,119,
AMW,Ames,41.990439,-93.618515,2018-03-26 17:39,36,31,10,115,
AMW,Ames,41.990439,-93.618515,2018-03-26 17:40,36,31,10,118,
AMW,Ames,41.990439,-93.618515,2018-03-26 17:41,36,31,11,119,
AMW,Ames,41.990439,-93.618515,2018-03-26 17:42,36,31,12,124,
AMW,Ames,41.990439,-93.618515,2018-03-26 17:43,36,31,10,130,
AMW,Ames,41.990439,-93.618515,2018-03-26 17:44,36,31,10,136,
AMW,Ames,41.990439,-93.618515,2018-03-26 17:45,36,31,10,137,
AMW,Ames,41.990439,-93.618515,2018-03-26 17:46,36,31,10,131,
AMW,Ames,41.990439,-93.618515,2018-03-26 17:47,36,31,10,128,
AMW,Ames,41.990439,-93.618515,2018-03-26 17:48,36,31,10,127,
AMW,Ames,41.990439,-93.618515,2018-03-26 17:49,36,31,10,123,
AMW,Ames,41.990439,-93.618515,2018-03-26 17:50,36,31,11,120,
AMW,Ames,41.990439,-93.618515,2018-03-26 17:51,36,31,10,121,
AMW,Ames,41.990439,-93.618515,2018-03-26 17:52,36,31,10,122,
AMW,Ames,41.990439,-93.618515,2018-03-26 17:53,36,31,9,120,
AMW,Ames,41.990439,-93.618515,2018-03-26 17:54,36,31,10,115,
AMW,Ames,41.990439,-93.618515,2018-03-26 17:55,36,31,10,117,
AMW,Ames,41.990439,-93.618515,2018-03-26 17:56,36,31,10,119,
AMW,Ames,41.990439,-93.618515,2018-03-26 17:57,36,32,11,118,
AMW,Ames,41.990439,-93.618515,2018-03-26 17:58,36,32,11,118,
AMW,Ames,41.990439,-93.618515,2018-03-26 17:59,36,32,11,117,
AMW,Ames,41.990439,-93.618515,2018-03-26 18:00,36,31,12,119,
AMW,Ames,41.990439,-93.618515,2018-03-26 18:01,36,32,13,123,
AMW,Ames,41.990439,-93.618515,2018-03-26 18:02,36,32,15,124,
AMW,Ames,41.990439,-93.618515,2018-03-26 18:03,36,32,14,123,
AMW,Ames,41.990439,-93.618515,2018-03-26 18:04,36,32,11,118,
AMW,Ames,41.990439,-93.618515,2018-03-26 18:05,36,32,13,115,
AMW,Ames,41.990439,-93.618515,2018-03-26 18:06,36,32,16,118,
AMW,Ames,41.990439,-93.618515,2018-03-26 18:07,36,32,14,119,
AMW,Ames,41.990439,-93.618515,2018-03-26 18:08,36,32,13,117,
AMW,Ames,41.990439,-93.618515,2018-03-26 18:09,36,32,14,120,
AMW,Ames,41.990439,-93.618515,2018-03-26 18:10,36,32,15,125,
AMW,Ames,41.990439,-93.618515,2018-03-26 18:11,36,32,16,127,
AMW,Ames,41.990439,-93.618515,2018-03-26 18:12,36,32,14,128,
AMW,Ames,41.990439,-93.618515,2018-03-26 18:13,36,32,13,132,
AMW,Ames,41.990439,-93.618515,2018-03-26 18:14,36,32,13,134,
AMW,Ames,41.990439,-93.618515,2018-03-26 18:15,36,32,13,135,
AMW,Ames,41.990439,-93.618515,2018-03-26 18:16,36,32,13,140,
AMW,Ames,41.990439,-93.618515,2018-03-26 18:17,36,32,12,143,
AMW,Ames,41.990439,-93.618515,2018-03-26 18:18,36,32,12,142,
AMW,Ames,41.990439,-93.618515,2018-03-26 18:19,36,32,11,138,
AMW,Ames,41.990439,-93.618515,2018-03-26 18:20,36,32,11,141,
AMW,Ames,41.990439,-93.618515,2018-03-26 18:21,36,32,12,146,
AMW,Ames,41.990439,-93.618515,2018-03-26 18:22,36,32,11,150,
AMW,Ames,41.990439,-93.618515,2018-03-26 18:23,36,32,11,151,
AMW,Ames,41.990439,-93.618515,2018-03-26 18:24,36,32,12,143,
AMW,Ames,41.990439,-93.618515,2018-03-26 18:25,36,32,13,139,
AMW,Ames,41.990439,-93.618515,2018-03-26 18:26,36,32,14,143,
AMW,Ames,41.990439,-93.618515,2018-03-26 18:27,36,32,13,148,
AMW,Ames,41.990439,-93.618515,2018-03-26 18:28,36,32,13,150,
AMW,Ames,41.990439,-93.618515,2018-03-26 18:29,36,32,14,151,
AMW,Ames,41.990439,-93.618515,2018-03-26 18:30,36,32,13,150,
AMW,Ames,41.990439,-93.618515,2018-03-26 18:31,36,32,12,153,
AMW,Ames,41.990439,-93.618515,2018-03-26 18:32,36,32,12,156,
AMW,Ames,41.990439,-93.618515,2018-03-26 18:33,36,32,13,155,
AMW,Ames,41.990439,-93.618515,2018-03-26 18:34,36,32,12,157,
AMW,Ames,41.990439,-93.618515,2018-03-26 18:35,36,32,10,160,
AMW,Ames,41.990439,-93.618515,2018-03-26 18:36,36,32,8,162,
AMW,Ames,41.990439,-93.618515,2018-03-26 18:37,36,32,9,157,
AMW,Ames,41.990439,-93.618515,2018-03-26 18:38,36,32,11,149,
AMW,Ames,41.990439,-93.618515,2018-03-26 18:39,36,32,10,146,
AMW,Ames,41.990439,-93.618515,2018-03-26 18:40,36,32,9,144,
AMW,Ames,41.990439,-93.618515,2018-03-26 18:41,36,32,10,141,
AMW,Ames,41.990439,-93.618515,2018-03-26 18:42,36,32,10,134,
AMW,Ames,41.990439,-93.618515,2018-03-26 18:43,36,33,8,127,
AMW,Ames,41.990439,-93.618515,2018-03-26 18:44,36,33,9,124,
AMW,Ames,41.990439,-93.618515,2018-03-26 18:45,36,33,10,121,
AMW,Ames,41.990439,-93.618515,2018-03-26 18:46,36,33,10,122,
AMW,Ames,41.990439,-93.618515,2018-03-26 18:47,36,33,11,123,
AMW,Ames,41.990439,-93.618515,2018-03-26 18:48,36,33,11,118,
AMW,Ames,41.990439,-93.618515,2018-03-26 18:49,36,33,10,113,
AMW,Ames,41.990439,-93.618515,2018-03-26 18:50,36,33,9,107,
AMW,Ames,41.990439,-93.618515,2018-03-26 18:51,36,33,10,106,
AMW,Ames,41.990439,-93.618515,2018-03-26 18:52,36,33,11,112,
AMW,Ames,41.990439,-93.618515,2018-03-26 18:53,36,33,11,115,
AMW,Ames,41.990439,-93.618515,2018-03-26 18:54,36,33,12,116,
AMW,Ames,41.990439,-93.618515,2018-03-26 18:55,36,33,11,114,
AMW,Ames,41.990439,-93.618515,2018-03-26 18:56,36,33,11,110,
AMW,Ames,41.990439,-93.618515,2018-03-26 18:57,36,33,11,113,
AMW,Ames,41.990439,-93.618515,2018-03-26 18:58,36,33,11,115,
AMW,Ames,41.990439,-93.618515,2018-03-26 18:59,36,33,10,111,
AMW,Ames,41.990439,-93.618515,2018-03-26 19:00,36,33,10,112,
AMW,Ames,41.990439,-93.618515,2018-03-26 19:01,36,33,10,114,
AMW,Ames,41.990439,-93.618515,2018-03-26 19:02,36,33,10,116,
AMW,Ames,41.990439,-93.618515,2018-03-26 19:03,36,33,10,116,
AMW,Ames,41.990439,-93.618515,2018-03-26 19:04,36,33,11,111,
AMW,Ames,41.990439,-93.618515,2018-03-26 19:05,36,33,11,107,
AMW,Ames,41.990439,-93.618515,2018-03-26 19:06,36,33,11,101,
AMW,Ames,41.990439,-93.618515,2018-03-26 19:07,36,33,11,100,
AMW,Ames,41.990439,-93.618515,2018-03-26 19:08,36,33,10,103,
AMW,Ames,41.990439,-93.618515,2018-03-26 19:09,36,34,9,101,
AMW,Ames,41.990439,-93.618515,2018-03-26 19:10,36,34,10,103,
AMW,Ames,41.990439,-93.618515,2018-03-26 19:11,36,34,10,105,
AMW,Ames,41.990439,-93.618515,2018-03-26 19:12,36,34,9,108,
AMW,Ames,41.990439,-93.618515,2018-03-26 19:13,36,34,8,106,
AMW,Ames,41.990439,-93.618515,2018-03-26 19:14,36,34,9,108,
AMW,Ames,41.990439,-93.618515,2018-03-26 19:15,36,34,10,112,
AMW,Ames,41.990439,-93.618515,2018-03-26 19:16,36,34,10,108,
AMW,Ames,41.990439,-93.618515,2018-03-26 19:17,36,34,12,107,
AMW,Ames,41.990439,-93.618515,2018-03-26 19:18,36,33,13,109,
AMW,Ames,41.990439,-93.618515,2018-03-26 19:19,36,34,10,114,
AMW,Ames,41.990439,-93.618515,2018-03-26 19:20,36,34,11,124,
AMW,Ames,41.990439,-93.618515,2018-03-26 19:21,36,33,11,133,
AMW,Ames,41.990439,-93.618515,2018-03-26 19:22,36,33,10,130,
AMW,Ames,41.990439,-93.618515,2018-03-26 19:23,36,33,11,122,
AMW,Ames,41.990439,-93.618515,2018-03-26 19:24,36,33,11,123,
AMW,Ames,41.990439,-93.618515,2018-03-26 19:25,36,33,10,130,
AMW,Ames,41.990439,-93.618515,2018-03-26 19:26,36,33,9,136,
AMW,Ames,41.990439,-93.618515,2018-03-26 19:27,36,33,8,133,
AMW,Ames,41.990439,-93.618515,2018-03-26 19:28,36,33,7,127,
AMW,Ames,41.990439,-93.618515,2018-03-26 19:29,36,33,7,128,
AMW,Ames,41.990439,-93.618515,2018-03-26 19:30,36,33,8,127,
AMW,Ames,41.990439,-93.618515,2018-03-26 19:31,36,33,8,129,
AMW,Ames,41.990439,-93.618515,2018-03-26 19:32,36,33,9,143,
AMW,Ames,41.990439,-93.618515,2018-03-26 19:33,36,33,10,151,
AMW,Ames,41.990439,-93.618515,2018-03-26 19:34,36,33,9,158,
AMW,Ames,41.990439,-93.618515,2018-03-26 19:35,36,33,8,162,
AMW,Ames,41.990439,-93.618515,2018-03-26 19:36,36,33,9,159,
AMW,Ames,41.990439,-93.618515,2018-03-26 19:37,36,33,10,154,
AMW,Ames,41.990439,-93.618515,2018-03-26 19:38,36,33,10,151,
AMW,Ames,41.990439,-93.618515,2018-03-26 19:39,36,33,10,153,
AMW,Ames,41.990439,-93.618515,2018-03-26 19:40,36,33,10,156,
AMW,Ames,41.990439,-93.618515,2018-03-26 19:41,36,33,9,154,
AMW,Ames,41.990439,-93.618515,2018-03-26 19:42,36,33,9,144,
AMW,Ames,41.990439,-93.618515,2018-03-26 19:43,36,33,9,146,
AMW,Ames,41.990439,-93.618515,2018-03-26 19:44,36,33,10,153,
AMW,Ames,41.990439,-93.618515,2018-03-26 19:45,36,33,9,156,
AMW,Ames,41.990439,-93.618515,2018-03-26 19:46,36,33,8,153,
AMW,Ames,41.990439,-93.618515,2018-03-26 19:47,36,33,8,149,
AMW,Ames,41.990439,-93.618515,2018-03-26 19:48,36,33,9,149,
AMW,Ames,41.990439,-93.618515,2018-03-26 19:49,36,33,9,150,
AMW,Ames,41.990439,-93.618515,2018-03-26 19:50,36,33,8,144,
AMW,Ames,41.990439,-93.618515,2018-03-26 19:51,36,33,7,141,
AMW,Ames,41.990439,-93.618515,2018-03-26 19:52,36,33,7,145,
AMW,Ames,41.990439,-93.618515,2018-03-26 19:53,36,33,7,139,
AMW,Ames,41.990439,-93.618515,2018-03-26 19:54,36,33,7,136,
AMW,Ames,41.990439,-93.618515,2018-03-26 19:55,36,33,7,139,
AMW,Ames,41.990439,-93.618515,2018-03-26 19:56,36,33,8,138,
AMW,Ames,41.990439,-93.618515,2018-03-26 19:57,36,33,8,134,
AMW,Ames,41.990439,-93.618515,2018-03-26 19:58,36,33,9,131,
AMW,Ames,41.990439,-93.618515,2018-03-26 19:59,36,33,10,129,
AMW,Ames,41.990439,-93.618515,2018-03-26 20:00,36,33,10,129,
AMW,Ames,41.990439,-93.618515,2018-03-26 20:01,36,33,9,127,
AMW,Ames,41.990439,-93.618515,2018-03-26 20:02,36,33,8,125,
AMW,Ames,41.990439,-93.618515,2018-03-26 20:03,36,33,9,129,
AMW,Ames,41.990439,-93.618515,2018-03-26 20:04,36,33,9,133,
AMW,Ames,41.990439,-93.618515,2018-03-26 20:05,36,33,7,127,
AMW,Ames,41.990439,-93.618515,2018-03-26 20:06,36,33,8,126,
AMW,Ames,41.990439,-93.618515,2018-03-26 20:07,36,33,8,128,
AMW,Ames,41.990439,-93.618515,2018-03-26 20:08,36,33,7,123,
AMW,Ames,41.990439,-93.618515,2018-03-26 20:09,36,33,8,121,
AMW,Ames,41.990439,-93.618515,2018-03-26 20:10,36,33,8,122,
AMW,Ames,41.990439,-93.618515,2018-03-26 20:11,36,33,7,117,
AMW,Ames,41.990439,-93.618515,2018-03-26 20:12,36,33,9,116,
AMW,Ames,41.990439,-93.618515,2018-03-26 20:13,36,33,10,119,
AMW,Ames,41.990439,-93.618515,2018-03-26 20:14,36,33,10,116,
AMW,Ames,41.990439,-93.618515,2018-03-26 20:15,36,33,10,120,
AMW,Ames,41.990439,-93.618515,2018-03-26 20:16,36,33,11,126,
AMW,Ames,41.990439,-93.618515,2018-03-26 20:17,36,33,9,125,
AMW,Ames,41.990439,-93.618515,2018-03-26 20:18,36,33,7,125,
AMW,Ames,41.990439,-93.618515,2018-03-26 20:19,36,33,6,119,
AMW,Ames,41.990439,-93.618515,2018-03-26 20:20,36,34,6,113,
AMW,Ames,41.990439,-93.618515,2018-03-26 20:21,36,34,6,119,
AMW,Ames,41.990439,-93.618515,2018-03-26 20:22,36,34,7,118,
AMW,Ames,41.990439,-93.618515,2018-03-26 20:23,36,33,9,113,
AMW,Ames,41.990439,-93.618515,2018-03-26 20:24,36,33,9,116,
AMW,Ames,41.990439,-93.618515,2018-03-26 20:25,36,33,8,122,
AMW,Ames,41.990439,-93.618515,2018-03-26 20:26,36,34,7,127,
AMW,Ames,41.990439,-93.618515,2018-03-26 20:27,36,33,6,125,
AMW,Ames,41.990439,-93.618515,2018-03-26 20:28,36,34,6,119,
AMW,Ames,41.990439,-93.618515,2018-03-26 20:29,36,34,5,123,
AMW,Ames,41.990439,-93.618515,2018-03-26 20:30,36,34,6,125,
AMW,Ames,41.990439,-93.618515,2018-03-26 20:31,36,34,6,122,
AMW,Ames,41.990439,-93.618515,2018-03-26 20:32,36,34,6,118,
AMW,Ames,41.990439,-93.618515,2018-03-26 20:33,36,34,7,116,
AMW,Ames,41.990439,-93.618515,2018-03-26 20:34,36,33,6,120,
AMW,Ames,41.990439,-93.618515,2018-03-26 20:35,36,33,6,119,
AMW,Ames,41.990439,-93.618515,2018-03-26 20:36,36,34,5,119,
AMW,Ames,41.990439,-93.618515,2018-03-26 20:37,36,34,5,119,
AMW,Ames,41.990439,-93.618515,2018-03-26 20:38,36,34,5,115,
AMW,Ames,41.990439,-93.618515,2018-03-26 20:39,36,34,5,108,
AMW,Ames,41.990439,-93.618515,2018-03-26 20:40,36,34,5,110,
AMW,Ames,41.990439,-93.618515,2018-03-26 20:41,36,34,6,117,
AMW,Ames,41.990439,-93.618515,2018-03-26 20:42,36,34,6,114,
AMW,Ames,41.990439,-93.618515,2018-03-26 20:43,36,34,6,110,
AMW,Ames,41.990439,-93.618515,2018-03-26 20:44,36,34,6,109,
AMW,Ames,41.990439,-93.618515,2018-03-26 20:45,36,34,6,111,
AMW,Ames,41.990439,-93.618515,2018-03-26 20:46,36,34,6,108,
AMW,Ames,41.990439,-93.618515,2018-03-26 20:47,36,34,6,108,
AMW,Ames,41.990439,-93.618515,2018-03-26 20:48,36,34,7,113,
AMW,Ames,41.990439,-93.618515,2018-03-26 20:49,36,34,7,110,
AMW,Ames,41.990439,-93.618515,2018-03-26 20:50,36,34,8,109,
AMW,Ames,41.990439,-93.618515,2018-03-26 20:51,36,34,9,112,
AMW,Ames,41.990439,-93.618515,2018-03-26 20:52,36,33,9,116,
AMW,Ames,41.990439,-93.618515,2018-03-26 20:53,36,33,9,124,
AMW,Ames,41.990439,-93.618515,2018-03-26 20:54,36,33,9,124,
AMW,Ames,41.990439,-93.618515,2018-03-26 20:55,36,33,9,124,
AMW,Ames,41.990439,-93.618515,2018-03-26 20:56,36,33,9,126,
AMW,Ames,41.990439,-93.618515,2018-03-26 20:57,36,34,9,122,
AMW,Ames,41.990439,-93.618515,2018-03-26 20:58,36,34,9,122,
AMW,Ames,41.990439,-93.618515,2018-03-26 20:59,36,34,9,127,
AMW,Ames,41.990439,-93.618515,2018-03-26 21:00,36,34,9,127,
AMW,Ames,41.990439,-93.618515,2018-03-26 21:01,36,34,10,125,
AMW,Ames,41.990439,-93.618515,2018-03-26 21:02,36,34,11,127,
AMW,Ames,41.990439,-93.618515,2018-03-26 21:03,36,34,11,125,
AMW,Ames,41.990439,-93.618515,2018-03-26 21:04,36,34,12,124,
AMW,Ames,41.990439,-93.618515,2018-03-26 21:05,36,34,12,127,
AMW,Ames,41.990439,-93.618515,2018-03-26 21:06,36,34,12,130,
AMW,Ames,41.990439,-93.618515,2018-03-26 21:07,36,34,11,132,
AMW,Ames,41.990439,-93.618515,2018-03-26 21:08,36,34,10,130,
AMW,Ames,41.990439,-93.618515,2018-03-26 21:09,36,34,10,128,
AMW,Ames,41.990439,-93.618515,2018-03-26 21:10,36,34,10,127,
AMW,Ames,41.990439,-93.618515,2018-03-26 21:11,36,34,10,126,
AMW,Ames,41.990439,-93.618515,2018-03-26 21:12,36,34,9,122,
AMW,Ames,41.990439,-93.618515,2018-03-26 21:13,36,34,9,122,
AMW,Ames,41.990439,-93.618515,2018-03-26 21:14,36,34,9,129,
AMW,Ames,41.990439,-93.618515,2018-03-26 21:15,36,34,9,132,
AMW,Ames,41.990439,-93.618515,2018-03-26 21:16,36,34,9,129,
AMW,Ames,41.990439,-93.618515,2018-03-26 21:17,36,34,8,132,
AMW,Ames,41.990439,-93.618515,2018-03-26 21:18,36,34,8,131,
AMW,Ames,41.990439,-93.618515,2018-03-26 21:19,36,34,7,126,
AMW,Ames,41.990439,-93.618515,2018-03-26 21:20,36,34,8,124,
AMW,Ames,41.990439,-93.618515,2018-03-26 21:21,36,34,8,123,
AMW,Ames,41.990439,-93.618515,2018-03-26 21:22,36,34,8,121,
AMW,Ames,41.990439,-93.618515,2018-03-26 21:23,36,34,8,119,
AMW,Ames,41.990439,-93.618515,2018-03-26 21:24,36,34,8,119,
AMW,Ames,41.990439,-93.618515,2018-03-26 21:25,36,34,8,117,
AMW,Ames,41.990439,-93.618515,2018-03-26 21:26,36,34,10,115,
AMW,Ames,41.990439,-93.618515,2018-03-26 21:27,36,34,10,115,
AMW,Ames,41.990439,-93.618515,2018-03-26 21:28,36,34,10,116,
AMW,Ames,41.990439,-93.618515,2018-03-26 21:29,36,35,10,115,
AMW,Ames,41.990439,-93.618515,2018-03-26 21:30,36,34,12,115,
AMW,Ames,41.990439,-93.618515,2018-03-26 21:31,36,34,12,115,
AMW,Ames,41.990439,-93.618515,2018-03-26 21:32,36,34,12,110,
AMW,Ames,41.990439,-93.618515,2018-03-26 21:33,36,34,11,106,
AMW,Ames,41.990439,-93.618515,2018-03-26 21:34,36,35,11,103,
AMW,Ames,41.990439,-93.618515,2018-03-26 21:35,36,34,12,100,
AMW,Ames,41.990439,-93.618515,2018-03-26 21:36,36,34,12,101,
AMW,Ames,41.990439,-93.618515,2018-03-26 21:37,36,35,11,106,
AMW,Ames,41.990439,-93.618515,2018-03-26 21:38,36,35,11,109,
AMW,Ames,41.990439,-93.618515,2018-03-26 21:39,36,35,11,111,
AMW,Ames,41.990439,-93.618515,2018-03-26 21:40,36,35,11,115,
AMW,Ames,41.990439,-93.618515,2018-03-26 21:41,36,35,11,118,
AMW,Ames,41.990439,-93.618515,2018-03-26 21:42,37,35,11,118,
AMW,Ames,41.990439,-93.618515,2018-03-26 21:43,37,35,11,120,
AMW,Ames,41.990439,-93.618515,2018-03-26 21:44,37,35,12,123,
AMW,Ames,41.990439,-93.618515,2018-03-26 21:45,37,35,12,127,
AMW,Ames,41.990439,-93.618515,2018-03-26 21:46,37,35,11,130,
AMW,Ames,41.990439,-93.618515,2018-03-26 21:47,37,35,10,128,
AMW,Ames,41.990439,-93.618515,2018-03-26 21:48,37,35,10,128,
AMW,Ames,41.990439,-93.618515,2018-03-26 21:49,37,35,9,130,
AMW,Ames,41.990439,-93.618515,2018-03-26 21:50,37,35,11,126,
AMW,Ames,41.990439,-93.618515,2018-03-26 21:51,37,35,10,126,
AMW,Ames,41.990439,-93.618515,2018-03-26 21:52,37,35,9,131,
AMW,Ames,41.990439,-93.618515,2018-03-26 21:53,37,35,11,130,
AMW,Ames,41.990439,-93.618515,2018-03-26 21:54,37,35,11,129,
AMW,Ames,41.990439,-93.618515,2018-03-26 21:55,37,35,11,131,
AMW,Ames,41.990439,-93.618515,2018-03-26 21:56,37,35,11,133,
AMW,Ames,41.990439,-93.618515,2018-03-26 21:57,37,35,11,133,
AMW,Ames,41.990439,-93.618515,2018-03-26 21:58,37,35,11,134,
AMW,Ames,41.990439,-93.618515,2018-03-26 21:59,37,35,11,134,
AMW,Ames,41.990439,-93.618515,2018-03-26 22:00,37,35,12,132,
AMW,Ames,41.990439,-93.618515,2018-03-26 22:01,37,35,12,130,
AMW,Ames,41.990439,-93.618515,2018-03-26 22:02,37,35,10,130,
AMW,Ames,41.990439,-93.618515,2018-03-26 22:03,38,36,10,133,
AMW,Ames,41.990439,-93.618515,2018-03-26 22:04,38,36,9,133,
AMW,Ames,41.990439,-93.618515,2018-03-26 22:05,38,36,10,135,
AMW,Ames,41.990439,-93.618515,2018-03-26 22:06,37,36,10,135,
AMW,Ames,41.990439,-93.618515,2018-03-26 22:07,37,36,9,136,
AMW,Ames,41.990439,-93.618515,2018-03-26 22:08,37,36,10,134,
AMW,Ames,41.990439,-93.618515,2018-03-26 22:09,38,36,10,132,
AMW,Ames,41.990439,-93.618515,2018-03-26 22:10,37,36,11,135,
AMW,Ames,41.990439,-93.618515,2018-03-26 22:11,37,35,12,132,
AMW,Ames,41.990439,-93.618515,2018-03-26 22:12,38,35,11,132,
AMW,Ames,41.990439,-93.618515,2018-03-26 22:13,37,35,11,133,
AMW,Ames,41.990439,-93.618515,2018-03-26 22:14,37,35,12,134,
AMW,Ames,41.990439,-93.618515,2018-03-26 22:15,37,35,12,133,
AMW,Ames,41.990439,-93.618515,2018-03-26 22:16,37,35,10,130,
AMW,Ames,41.990439,-93.618515,2018-03-26 22:17,37,35,9,133,
AMW,Ames,41.990439,-93.618515,2018-03-26 22:18,37,35,8,133,
AMW,Ames,41.990439,-93.618515,2018-03-26 22:19,37,36,9,133,
AMW,Ames,41.990439,-93.618515,2018-03-26 22:20,37,35,11,133,
AMW,Ames,41.990439,-93.618515,2018-03-26 22:21,37,35,10,133,
AMW,Ames,41.990439,-93.618515,2018-03-26 22:22,37,35,10,133,
AMW,Ames,41.990439,-93.618515,2018-03-26 22:23,38,35,11,131,
AMW,Ames,41.990439,-93.618515,2018-03-26 22:24,38,35,10,134,
AMW,Ames,41.990439,-93.618515,2018-03-26 22:25,38,35,10,138,
AMW,Ames,41.990439,-93.618515,2018-03-26 22:26,37,35,9,137,
AMW,Ames,41.990439,-93.618515,2018-03-26 22:27,38,35,9,133,
AMW,Ames,41.990439,-93.618515,2018-03-26 22:28,38,35,8,134,
AMW,Ames,41.990439,-93.618515,2018-03-26 22:29,37,36,8,136,
AMW,Ames,41.990439,-93.618515,2018-03-26 22:30,38,36,8,133,
AMW,Ames,41.990439,-93.618515,2018-03-26 22:31,37,36,9,138,
AMW,Ames,41.990439,-93.618515,2018-03-26 22:32,37,36,8,139,
AMW,Ames,41.990439,-93.618515,2018-03-26 22:33,37,36,8,140,
AMW,Ames,41.990439,-93.618515,2018-03-26 22:34,37,36,9,143,
AMW,Ames,41.990439,-93.618515,2018-03-26 22:35,37,36,8,136,
AMW,Ames,41.990439,-93.618515,2018-03-26 22:36,37,36,8,135,
AMW,Ames,41.990439,-93.618515,2018-03-26 22:37,38,36,8,135,
AMW,Ames,41.990439,-93.618515,2018-03-26 22:38,37,36,8,135,
AMW,Ames,41.990439,-93.618515,2018-03-26 22:39,37,36,9,132,
AMW,Ames,41.990439,-93.618515,2018-03-26 22:40,37,36,10,129,
AMW,Ames,41.990439,-93.618515,2018-03-26 22:41,37,36,9,133,
AMW,Ames,41.990439,-93.618515,2018-03-26 22:42,37,36,7,128,
AMW,Ames,41.990439,-93.618515,2018-03-26 22:43,37,36,7,125,
AMW,Ames,41.990439,-93.618515,2018-03-26 22:44,37,36,7,128,
AMW,Ames,41.990439,-93.618515,2018-03-26 22:45,37,36,8,135,
AMW,Ames,41.990439,-93.618515,2018-03-26 22:46,37,36,8,136,
AMW,Ames,41.990439,-93.618515,2018-03-26 22:47,37,36,7,135,
AMW,Ames,41.990439,-93.618515,2018-03-26 22:48,37,36,7,134,
AMW,Ames,41.990439,-93.618515,2018-03-26 22:49,37,36,7,131,
AMW,Ames,41.990439,-93.618515,2018-03-26 22:50,37,36,8,134,
AMW,Ames,41.990439,-93.618515,2018-03-26 22:51,37,36,9,138,
AMW,Ames,41.990439,-93.618515,2018-03-26 22:52,37,35,9,138,
AMW,Ames,41.990439,-93.618515,2018-03-26 22:53,37,35,8,134,
AMW,Ames,41.990439,-93.618515,2018-03-26 22:54,37,36,8,133,
AMW,Ames,41.990439,-93.618515,2018-03-26 22:55,37,36,8,133,
AMW,Ames,41.990439,-93.618515,2018-03-26 22:56,37,36,8,132,
AMW,Ames,41.990439,-93.618515,2018-03-26 22:57,37,36,8,136,
AMW,Ames,41.990439,-93.618515,2018-03-26 22:58,37,36,8,140,
AMW,Ames,41.990439,-93.618515,2018-03-26 22:59,37,35,8,138,
AMW,Ames,41.990439,-93.618515,2018-03-26 23:00,37,36,9,135,
AMW,Ames,41.990439,-93.618515,2018-03-26 23:01,37,36,9,138,
AMW,Ames,41.990439,-93.618515,2018-03-26 23:02,37,36,9,141,
AMW,Ames,41.990439,-93.618515,2018-03-26 23:03,37,36,8,141,
AMW,Ames,41.990439,-93.618515,2018-03-26 23:04,37,36,8,141,
AMW,Ames,41.990439,-93.618515,2018-03-26 23:05,37,36,9,142,
AMW,Ames,41.990439,-93.618515,2018-03-26 23:06,37,36,8,142,
AMW,Ames,41.990439,-93.618515,2018-03-26 23:07,37,36,7,141,
AMW,Ames,41.990439,-93.618515,2018-03-26 23:08,37,36,7,142,
AMW,Ames,41.990439,-93.618515,2018-03-26 23:09,37,36,6,141,
AMW,Ames,41.990439,-93.618515,2018-03-26 23:10,37,36,7,140,
AMW,Ames,41.990439,-93.618515,2018-03-26 23:11,37,36,6,139,
AMW,Ames,41.990439,-93.618515,2018-03-26 23:12,37,36,6,137,
AMW,Ames,41.990439,-93.618515,2018-03-26 23:13,37,36,6,140,
AMW,Ames,41.990439,-93.618515,2018-03-26 23:14,37,36,6,144,
AMW,Ames,41.990439,-93.618515,2018-03-26 23:15,37,36,6,142,
AMW,Ames,41.990439,-93.618515,2018-03-26 23:16,37,36,6,142,
AMW,Ames,41.990439,-93.618515,2018-03-26 23:17,37,36,6,144,
AMW,Ames,41.990439,-93.618515,2018-03-26 23:18,37,36,5,141,
AMW,Ames,41.990439,-93.618515,2018-03-26 23:19,37,36,6,141,
AMW,Ames,41.990439,-93.618515,2018-03-26 23:20,37,36,6,143,
AMW,Ames,41.990439,-93.618515,2018-03-26 23:21,37,36,6,137,
AMW,Ames,41.990439,-93.618515,2018-03-26 23:22,37,36,6,134,
AMW,Ames,41.990439,-93.618515,2018-03-26 23:23,37,36,6,132,
AMW,Ames,41.990439,-93.618515,2018-03-26 23:24,37,36,5,127,
AMW,Ames,41.990439,-93.618515,2018-03-26 23:25,37,36,5,129,
AMW,Ames,41.990439,-93.618515,2018-03-26 23:26,37,36,5,126,
AMW,Ames,41.990439,-93.618515,2018-03-26 23:27,37,36,6,125,
AMW,Ames,41.990439,-93.618515,2018-03-26 23:28,37,36,6,123,
AMW,Ames,41.990439,-93.618515,2018-03-26 23:29,37,36,6,122,
AMW,Ames,41.990439,-93.618515,2018-03-26 23:30,37,36,6,122,
AMW,Ames,41.990439,-93.618515,2018-03-26 23:31,37,36,6,119,
AMW,Ames,41.990439,-93.618515,2018-03-26 23:32,37,36,5,123,
AMW,Ames,41.990439,-93.618515,2018-03-26 23:33,37,36,5,124,
AMW,Ames,41.990439,-93.618515,2018-03-26 23:34,38,36,4,122,
AMW,Ames,41.990439,-93.618515,2018-03-26 23:35,38,37,5,123,
AMW,Ames,41.990439,-93.618515,2018-03-26 23:36,38,37,5,126,
AMW,Ames,41.990439,-93.618515,2018-03-26 23:37,38,37,4,126,
AMW,Ames,41.990439,-93.618515,2018-03-26 23:38,38,37,4,123,
AMW,Ames,41.990439,-93.618515,2018-03-26 23:39,38,37,4,117,
AMW,Ames,41.990439,-93.618515,2018-03-26 23:40,38,37,4,111,
AMW,Ames,41.990439,-93.618515,2018-03-26 23:41,37,37,4,120,
AMW,Ames,41.990439,-93.618515,2018-03-26 23:42,37,37,5,122,
AMW,Ames,41.990439,-93.618515,2018-03-26 23:43,38,37,6,114,
AMW,Ames,41.990439,-93.618515,2018-03-26 23:44,38,37,6,116,
AMW,Ames,41.990439,-93.618515,2018-03-26 23:45,38,37,6,118,
AMW,Ames,41.990439,-93.618515,2018-03-26 23:46,38,37,6,127,
AMW,Ames,41.990439,-93.618515,2018-03-26 23:47,37,37,6,129,
AMW,Ames,41.990439,-93.618515,2018-03-26 23:48,37,37,6,122,
AMW,Ames,41.990439,-93.618515,2018-03-26 23:49,38,37,6,123,
AMW,Ames,41.990439,-93.618515,2018-03-26 23:50,37,37,6,127,
AMW,Ames,41.990439,-93.618515,2018-03-26 23:51,37,37,6,124,
AMW,Ames,41.990439,-93.618515,2018-03-26 23:52,37,37,5,118,
AMW,Ames,41.990439,-93.618515,2018-03-26 23:53,37,37,5,118,
AMW,Ames,41.990439,-93.618515,2018-03-26 23:54,37,37,5,126,
AMW,Ames,41.990439,-93.618515,2018-03-26 23:55,37,37,4,127,
AMW,Ames,41.990439,-93.618515,2018-03-26 23:56,37,37,3,116,
AMW,Ames,41.990439,-93.618515,2018-03-26 23:57,37,37,4,114,
AMW,Ames,41.990439,-93.618515,2018-03-26 23:58,37,37,4,117,
AMW,Ames,41.990439,-93.618515,2018-03-26 23:59,37,37,4,119,
AMW,Ames,41.990439,-93.618515,2018-03-27 00:00,37,37,5,123,
